Insurance_experience,label,score,score_round
GOOD FULL INSURANCE FOR HEAVY VEHICLES,POSITIVE,0.9992892742156982,1
CURRENTLY IM SATISFIED WITH THE SERVICE ,POSITIVE,0.994840681552887,1
CURRENTLY IM SATISFIED WITH THE SERVICE ,POSITIVE,0.994840681552887,1
PROVIDE GOOD SERVICE FOR THE CUSTOMER,POSITIVE,0.9997965693473816,1
EXCELLENT SERVICE ,POSITIVE,0.9998576641082764,1
GOOD,POSITIVE,0.9998161196708679,1
GOOD,POSITIVE,0.9998161196708679,1
GOOD,POSITIVE,0.9998161196708679,1
RELIABLE AND VERY ACCURATE INSURANCE ,POSITIVE,0.9998424053192139,1
GOOD,POSITIVE,0.9998161196708679,1
"STILL I DIDN'T USED, I THINK IT'S GOOD SO, I GIVE 5 STARS",POSITIVE,0.9994879961013794,1
GOOD ,POSITIVE,0.9998161196708679,1
GOOD ,POSITIVE,0.9998161196708679,1
"IN OUR COUNTRY, FULL INSURANCE IS GOOD TILL THE FIRST CLAIM. BUT AFTER THAT, IT'S SOME KIND OF A JOKE. ÐŸ‘Ž",NEGATIVE,0.9930100440979004,0
VERY GOOD,POSITIVE,0.9998520612716675,1
NOT EASY TO GET CLAIM ITÂ€™S LONG PROCEDURE ,NEGATIVE,0.9972213506698608,0
GOOD,POSITIVE,0.9998161196708679,1
GOOD ,POSITIVE,0.9998161196708679,1
ITÂ€™S A GOOD INSURANCE WHICH I RECOMMEND ,POSITIVE,0.9996318817138672,1
EAST ,POSITIVE,0.9938530921936035,1
GOOD SERCICE,POSITIVE,0.999840497970581,1
GOOD,POSITIVE,0.9998161196708679,1
MY CLAIM SETTLEMENT WAS SUPER EASY,NEGATIVE,0.9809427261352539,0
"SUCH A MONEY-MAKING COMPANY, THIRD CLASS SERVICE , I GAVE MY CAR TO INSURANCE TO GET IT CLAIMED BUT I AM WAITING FROM PAST 1 MONTH , I DIDN'T GET THE APPROVAL . I HAVE NEVER CAME ACROSS SUCH A BAD COMPANY AND BAD CUSTOMER SERVICE AND STILL I AM STRUGGLING WITH THESE PEOPLE . SHAMELESS COMPANY .",NEGATIVE,0.9981829524040222,0
"GOT MY CAR DAMAGED BY ACCIDENT. THE DAMAGE HAPPENED IN TWO PLACES ON THE SAME SIDE(BUMPER & FRONT DOOR), YET THE SURVEY AGENT REFUSED TO ACCEPT THAT AND DENIED A CLAIM FOR ONE OF THE DAMAGES. CALLED ME A LIAR ON THE PHONE AS WELL. HORRIBLE SERVICE! NEVER BUYING INSURANCE FROM THIS COMPANY AGAIN",NEGATIVE,0.9996621608734131,0
NOT GOOD.,NEGATIVE,0.9997939467430115,0
GOOD SERVICE,POSITIVE,0.9998499155044556,1
MY CLAIM SETTLEMENT WAS SUPER EASY,NEGATIVE,0.9809427261352539,0
CLAIMS CAN BE GET IMMEDIATELY WITHOUT WASTED OUR TIME,POSITIVE,0.9879412055015564,1
HAPPY ,POSITIVE,0.9998753070831299,1
REALLY HAPPY ABOUT THEIR SERVICE,POSITIVE,0.999870777130127,1
GOOD SERVICE,POSITIVE,0.9998499155044556,1
MY CLAIM SETTLEMENT WAS SUPER EASY,NEGATIVE,0.9809427261352539,0
GOOD,POSITIVE,0.9998161196708679,1
SATISFIED ,POSITIVE,0.9997212290763855,1
GREAT,POSITIVE,0.9998630285263062,1
 I HAVE DONE THE CLAIM TWICE SO FAR. MY CLAIM EXPERIENCE IS REALLY GOOD BECAUSE THEY HAVE DONE A CASHLESS CLAIM UP TO 90%.,POSITIVE,0.9995355606079102,1
"I DON'T HAVE ANY CLAIM EXPERIENCE, THEY HAVE NOT PROVIDED ME ANY NO-CLAIM ",NEGATIVE,0.998772919178009,0
POLICY EVEN IF THE CAR IS 7 YEARS OLD AND THIS IS THE ONLY COMPANY THAT PROVIDES THIS FACILITY. TO APPLY THE CLAIM IS VERY EASY IN A SINGLE CALL. THEY HAVE PROVIDED ME 100% CLAIM.,NEGATIVE,0.9824795722961426,0
GOOD POLICY,POSITIVE,0.9998393058776855,1
"THE TEAM AT POLICYBAZAAR IS VERY COOPERATIVE, THEY LISTEN TO YOUR DOUBTS PATIENTLY AND SUGGEST THE RIGHT PLAN FOR YOUR CAR",POSITIVE,0.9989742040634155,1
 TROOPER,NEGATIVE,0.9402189254760742,0
GOOD POLICY. I USED TO RENEW THE POLICY IN THEIR BRANCH OFFICE AND THE RESPONSE WAS GOOD. ,POSITIVE,0.9996405839920044,1
"WORST EXPERIENCE, THE CUSTOMER CARE DOESN'T KNOW ABOUT THE PRODUCT AND DON'T KNOW THE PROCESS. TRIES TO PROFIT THE SERVICE CENTER BY CHANGING UNWANTED ITEMS AND FORCING THE CUSTOMER TO PAY MORE THAN THE INSURANCE AMOUNT",NEGATIVE,0.9997760653495789,0
GOOD,POSITIVE,0.9998161196708679,1
THE CUSTOMER SUPPORT OF POLICYBAZAAR IS REALLY HELPFUL AND COOPERATIVE. I HAD A LOT OF QUESTIONS RELATED TO CAR INSURANCE AND THE TEAM ANSWERED ALL OF IT. LOVE WHEN COMPANY TAKES PRIDE IN THEIR CUSTOMERS.,POSITIVE,0.9998160004615784,1
EXCELLENT POLICY,POSITIVE,0.9998530149459839,1
SATISFIED. GOOD POLICY. THEIR CLAIM RATIO IS REALLY GOOD.,POSITIVE,0.9998212456703186,1
GOOD POLICY. I HAVE SELECTED MY CAR INSURANCE BECAUSE IT'S COLLABORATED WITH SUZUKI SHOWROOM HENCE IT'S EASY TO CLAIM THE INSURANCE. MY CLAIM EXPERIENCE IS GOOD.,POSITIVE,0.9997517466545105,1
THIS IS A GOOD POLICY. I USED TO RENEW MY POLICY AT THEIR BRANCH OFFICE AND HAD A GOOD EXPERIENCE.,POSITIVE,0.9997805953025818,1
THIS IS A GOOD POLICY. I USED TO RENEW MY POLICY AT THEIR BRANCH OFFICE AND HAD A GOOD EXPERIENCE.,POSITIVE,0.9997805953025818,1
WORST EXPERIENCE; CUSTOMER SERVICE IS CLUELESS ABOUT THE PRODUCT AND THE PROCESS. ATTEMPTS TO MAKE MONEY FOR THE SERVICE CENTER BY REPLACING UNWANTED ITEMS AND FORCING THE CUSTOMER TO PAY MORE THAN THE INSURANCE DEDUCTIBLE.,NEGATIVE,0.999819815158844,0
STILL DID NOT SATISFIED WITH THIS INSURANCE,NEGATIVE,0.9995600581169128,0
GOOD SERVICE,POSITIVE,0.9998499155044556,1
VERY FAST SERVICE,POSITIVE,0.9989954829216003,1
"THIS IS A GOOD POLICY. I CHOSE MY INSURANCE BECAUSE IT IS AFFILIATED WITH THE DAVID PIERIS SHOWROOM, MAKING IT SIMPLE TO FILE A CLAIM. MY CLAIM EXPERIENCE HAS BEEN POSITIVE.",POSITIVE,0.99970942735672,1
GOOD. MY CAR INSURANCE WAS TAKEN FROM AIA BECAUSE I AM HOLDING THE POLICY WITH THE SAME COMPANY FOR ALMOST SEVEN MONTHS AND I HAVE NOT DONE ANY CLAIM SO FAR. ,NEGATIVE,0.8826273083686829,0
MY INSURANCE WAS PURCHASED FROM JANASHAKTHI INSURANCE BECAUSE I HAVE BEEN WITH THE SAME COMPANY FOR ALMOST SEVEN MONTHS AND HAVE YET TO FILE A CLAIM.,NEGATIVE,0.9972137808799744,0
GOOD SERVICE. THE AGENT WHO WORKS WITH US AS A COLLEAGUE PROVIDED ME THIS POLICY. I'M GETTING A NO-CLAIM BONUS AND ROADSIDE ASSISTANCE AS WELL.,POSITIVE,0.9975377321243286,1
EXCELLENT CUSTOMER SERVICE. THIS POLICY WAS PROVIDED TO ME BY A COLLEAGUE WHO WORKS WITH US. I'LL GET A NO-CLAIM BONUS AS WELL AS ROADSIDE ASSISTANCE.,POSITIVE,0.9989078044891357,1
I HAVE DONE THE CLAIM TWICE SO FAR. MY CLAIM EXPERIENCE IS REALLY GOOD BECAUSE THEY HAVE DONE A CASHLESS CLAIM UP TO 90%. ,POSITIVE,0.9995355606079102,1
 GOOD INSURANCE,POSITIVE,0.9998517036437988,1
NOT SATISFIED,NEGATIVE,0.9997597336769104,0
VERY FAST SERVICE AND GOT CLAIM WITHOUT ANY PROBLEM,POSITIVE,0.9984003901481628,1
PREMIUM IS LESS WHEN I COMPARED TO ANOTHER INSURANCE PROVIDER.,NEGATIVE,0.9880104660987854,0
GOOD POLICY,POSITIVE,0.9998393058776855,1
GOOD POLICY. FAST CLAIMING,POSITIVE,0.9997350573539734,1
GOOD POLICY,POSITIVE,0.9998393058776855,1
THIS IS THIRD-PARTY INSURANCE. MY FRIEND IS WORKING AS AN AGENT AND HE WILL RENEW THE POLICY. I HAVE NOT APPROACHED THEM FOR ANY KIND OF CLAIM. ,NEGATIVE,0.9942851662635803,0
ONE OF THE BEST POLICY,POSITIVE,0.9998465776443481,1
"FOR THE ECONOMICAL AND LOW PREMIUM PURPOSE, I HAVE CHOSEN THE THREE-WHEELER INSURANCE FROM FAIRFIRST INSURANCE.",NEGATIVE,0.9954533576965332,0
GOOD,POSITIVE,0.9998161196708679,1
GOOD POLICY,POSITIVE,0.9998393058776855,1
"FOR THE ECONOMICAL AND LOW PREMIUM PURPOSE, I HAVE CHOSEN THE THREE-WHEELER INSURANCE FROM FAIRFIRST INSURANCE.",NEGATIVE,0.9954533576965332,0
I HAVE NO CLAIM EXPERIENCE TILL NOW.,NEGATIVE,0.9914835095405579,0
I HAVE NO CLAIM EXPERIENCE TILL NOW.,NEGATIVE,0.9914835095405579,0
VERY FAST SERVICE,POSITIVE,0.9989954829216003,1
GOT QUICK SERVICE IN THIS PANDEMIC TIME,POSITIVE,0.9685787558555603,1
GOOD POLICY. SO I HAVE TAKEN MY INSURANCE FROM COOPERATIVE INSURANCE .THIS COMPANY BECAUSE THEY ARE PROVIDING ME A BUMPER-TO-BUMPER OFFER.,NEGATIVE,0.8967402577400208,0
" THE COMPREHENSIVE POLICY EVEN IF THE CAR IS 7 YEARS OLD AND THIS IS THE ONLY COMPANY THAT PROVIDES THIS FACILITY. 
",NEGATIVE,0.9844402074813843,0
TO APPLY THE CLAIM IS VERY EASY IN A SINGLE CALL. THEY HAVE PROVIDED ME 100% CLAIM.,NEGATIVE,0.9648221731185913,0
TO APPLY THE CLAIM IS VERY EASY IN A SINGLE CALL. THEY HAVE PROVIDED ME 100% CLAIM.,NEGATIVE,0.9648221731185913,0
TO APPLY THE CLAIM IS VERY EASY IN A SINGLE CALL. THEY HAVE PROVIDED ME 100% CLAIM.,NEGATIVE,0.9648221731185913,0
SUPER FAST CLAIM SETTLEMENT. SETTLED WITHIN ONE HOUR,NEGATIVE,0.9383438229560852,0
 I HAVE BEEN RENEWING THE POLICY WITH THE SAME COMPANY FOR THE LAST 5 YEARS.,NEGATIVE,0.9785416722297668,0
NOT GOOD.,NEGATIVE,0.9997939467430115,0
MY CLAIM EXPERIENCE IS VERY FAST AND THERE IS NO STRUGGLE IN GETTING THE CLAIM. THE PERSON WILL COME TO THE SPOT BY THE NEXT DAY ONCE WE APPLIED THE CLAIM. I GOT THE CLAIM UP TO 90%. I HAVE BEEN RECEIVING THE NO-CLAIM BONUS ALSO.,POSITIVE,0.9838056564331055,1
MONEY WASTE POLICY I HAVE TAKEN MY CAR INSURANCE FROM AMANA TAKAFUL EARLIER BUT I'M NOT SATISFIED WITH THEIR SERVICES. ,NEGATIVE,0.9996426105499268,0
TIME WASTING,NEGATIVE,0.999795138835907,0
"IN TERMS OF CAR INSURANCE, I HAVE A NUMBER OF BENEFITS. LOVE THIS",POSITIVE,0.9998764991760254,1
"WHEN I APPLIED FOR MY CLAIM, THEY HAVE TAKEN MOST OF THE PART AND THEY DIDN'T PROVIDE THE CASHLESS CLAIM IN THEIR GARAGES.",NEGATIVE,0.999211311340332,0
GOOD SERVICE,POSITIVE,0.9998499155044556,1
"GOOD

 THE QUALITY OF SERVICE IS NOT THAT MUCH GOOD. ",NEGATIVE,0.997622549533844,0
NEED TO IMPROVE THE SERVICE,NEGATIVE,0.9739046692848206,0
"EVEN THOUGH THE POLICY IS SOLID, I HAVE NO EXPERIENCE WITH CLAIMS",NEGATIVE,0.9940342307090759,0
THEY HAVE PROVIDED ME A BETTER OFFER WITH A BETTER QUOTATION INCLUDING THE BUMPER TO BUMPER OFFER SO THAT I TOOK THE SAME AND TILL NOW I NEVER SPOKE WITH THE CUSTOMER CARE ALSO.,NEGATIVE,0.9953804016113281,0
NOT SATISFIED,NEGATIVE,0.9997597336769104,0
GOOD,POSITIVE,0.9998161196708679,1
" I HAVE NOT APPLIED FOR ANY CLAIM TILL NOW. FOR 7 YEARS, I HAVE BEEN RENEWING THE POLICY WITH THE SAME COMPANY. ",NEGATIVE,0.9829856753349304,0
"THERE IS NO CASHLESS CLAIM I HAD BECAUSE THERE IS A DELAY IN THAT AND IT TAKES ALMOST 1 WEEK. THEY ARE GIVING A CLAIM UP TO 70% SINCE MY VEHICLE IS AN OLD ONE.
",NEGATIVE,0.995795488357544,0
FAST CLAMING,NEGATIVE,0.998439610004425,0
"I'M HAVING INSURANCE FROM CEYLINCO BUT THE BENEFITS ARE GOOD BUT STILL, I HAVEN'T CLAIMED ANYTHING ONCE I HAD EXPERIENCED THE CLAIM",NEGATIVE,0.9655918478965759,0
"I'M A NEW CUSTOMER, THE CUSTOMER CARE EXECUTIVE HAS CLEARLY EXPLAINED TO ME THE POLICY DETAILS.",POSITIVE,0.9986690282821655,1
"SUCH A MONEY-MAKING COMPANY, THIRD CLASS SERVICE.",NEGATIVE,0.9821319580078125,0
"FOR NOW, IT IS GOOD. HAD NOT ANY CLAM YET",POSITIVE,0.9997333884239197,1
"I GAVE MY CAR TO INSURANCE TO GET IT CLAIMED BUT I AM WAITING FOR THE PAST 1 MONTH, I DIDN'T GET THE APPROVAL. I HAVE NEVER COME ACROSS SUCH A BAD COMPANY AND BAD CUSTOMER SERVICE AND STILL, I AM STRUGGLING WITH THESE PEOPLE. 
",NEGATIVE,0.9951496720314026,0
CUSTOMER SERVICE IS POOR,NEGATIVE,0.9998074173927307,0
GOOD,POSITIVE,0.9998161196708679,1
CEYLINCO INSURANCE IS BEST WHEN IT COMES TO CLAIMS. HAS BEEN VERY EASY COMPARED TO OTHERS,POSITIVE,0.993074893951416,1
UNACCEPTABLE. THE INSURANCE COMPANY IS NOT GENUINE AT ALL AS IT IS A PRIVATE COMPANY SO THEIR FOCUS IS JUST TO COLLECT THE PREMIUM FROM CLIENTS BUT AT THE TIME OF CLAIMS THEY RUN FROM THEIR RESPONSIBILITIES AND DENY THE CLAIMS FOR NO REASON. ,NEGATIVE,0.9997374415397644,0
VERY BAD SERVICE,NEGATIVE,0.9997568726539612,0
CUSTOMER SERVICE IS POOR,NEGATIVE,0.9998074173927307,0
CUSTOMER SERVICE IS POOR,NEGATIVE,0.9998074173927307,0
BETTER POLICY TAKEN MY CAR INSURANCE FROM ORIENT INSURANCE BECAUSE IT HAS BEEN OFFERED BY AMW SHOWROOM ITSELF.,NEGATIVE,0.9979374408721924,0
GOOD,POSITIVE,0.9998161196708679,1
GOOD,POSITIVE,0.9998161196708679,1
I HAVE INSURANCE FROM ALLIANZ. THEY ARE PROVIDING A GOOD NO CLAIM BONUS AND CUSTOMER SERVICE IS GOOD.,POSITIVE,0.9996711015701294,1
THEY ARE PROVIDING A GOOD NO CLAIM BONUS AND CUSTOMER SERVICE IS GOOD.,POSITIVE,0.9997840523719788,1
I DON'T HAVE ANY CLAIM EXPERIENCE EVEN THE POLICY IS GOOD.,NEGATIVE,0.9985880255699158,0
THERE IS NO PARTICULAR REASON FOR CHOOSING ALLIANZ.,NEGATIVE,0.9996964931488037,0
THERE IS NO PARTICULAR REASON FOR CHOOSING ALLIANZ.,NEGATIVE,0.9996964931488037,0
THERE ARE NO HASSLES TILL NOW.,NEGATIVE,0.9299428462982178,0
GOOD,POSITIVE,0.9998161196708679,1
I GOT 3RD PARTY INSURANCE. NOT BAD,POSITIVE,0.995438277721405,1
RECENTLY I HAVE A CLAIM EXPERIENCE FOR MY CAR INSURANCE WITH JANASHAKTHI INSURANCE. THERE WAS A CLAIM ISSUE WHEN I APPLIED IT. THEY GAVE LESS SETTLEMENT AMOUNT AND IT WAS A LATE APPROVAL. ,NEGATIVE,0.9585313200950623,0
CUSNIMER SERVICE IS POOR,NEGATIVE,0.9997983574867249,0
"GREAT!. MY FRIEND IS WORKING IN SRI LANKA INSURANCE THAT'S THE REASON I HAVE GONE WITH SRI LANKA INSURANCE.
",POSITIVE,0.999758780002594,1
"GREAT!. MY FRIEND IS WORKING IN SRI LANKA INSURANCE THAT'S THE REASON I HAVE GONE WITH SRI LANKA INSURANCE.
",POSITIVE,0.999758780002594,1
"GREAT!. MY FRIEND IS WORKING IN SRI LANKA INSURANCE THAT'S THE REASON I HAVE GONE WITH SRI LANKA INSURANCE.
",POSITIVE,0.999758780002594,1
"GREAT!. MY FRIEND IS WORKING IN SRI LANKA INSURANCE THAT'S THE REASON I HAVE GONE WITH SRI LANKA INSURANCE.
",POSITIVE,0.999758780002594,1
"GOOD
 SATISFIED COVERAGE VALUE AS PER THE AGE OF THE CAR.",POSITIVE,0.9996839761734009,1
CUSHEMER SERVICE IS POOR. BUT BEST OFFER HAS. ,NEGATIVE,0.9876949787139893,0
 I HAVE NOT APPROACHED FOR ANY CLAIM TILL NOW. THE POLICY WOULD BE RENEWED BY THE AGENT ITSELF.,NEGATIVE,0.9908696413040161,0
GOOD CLAIM EXPERIENCE,POSITIVE,0.9996740818023682,1
GOOD CLAIM EXPERIENCE,POSITIVE,0.9996740818023682,1
I'M USING THE TOYOTA CAR AND THEY ARE GIVING A GOOD SERVICE SINCE THEY HAVE A TIE-UP. THE PRICE IS VERY LESS WHEN I COMPARED WITH OTHER COMPANIES.,POSITIVE,0.8504202365875244,1
I HAVE A CLAIM EXPERIENCE WITH THEM AND IT WAS SATISFACTORY.,POSITIVE,0.9998098015785217,1
"GOOD INSURANCE POLICY. MY CAR INSURANCE WAS TAKEN FROM COOPERATIVE INSURANCE. I HAVE PURCHASED A SECOND-HAND CAR, SO I HAVE BEEN RENEWING THE POLICY WITH THE SAME COMPANY THAT THE CAR HOLDER WAS HAVING AT EARLIER. I HAVE NOT APPLIED FOR ANY CLAIM TILL NOW.",NEGATIVE,0.976216197013855,0
CUSYAMER SERVICE IS POOR,NEGATIVE,0.9997939467430115,0
CUSHEMER SERVICE IS POOR,NEGATIVE,0.9997993111610413,0
EXCELLENT. I HAVE TAKEN INSURANCE FROM CEYLINCO. THE CUSTOMER SERVICE IS GOOD.,POSITIVE,0.9998086094856262,1
CUSDAMER SERVICE IS POOR,NEGATIVE,0.9997935891151428,0
CUSDAMER SERVICE IS POOR,NEGATIVE,0.9997935891151428,0
GOOD,POSITIVE,0.9998161196708679,1
"I HAVE GONE FOR CLAIMS AND IT WAS A REIMBURSEMENT. THEY HAVE NOT TIED UP WITH THE CASHLESS SHOWROOMS.
",NEGATIVE,0.9873561859130859,0
I AM HAPPY WITH THE BENEFITS. IT'S FIRST-PARTY INSURANCE.,POSITIVE,0.9998658895492554,1
I AM HAPPY WITH THE BENEFITS. IT'S FIRST-PARTY INSURANCE.,POSITIVE,0.9998658895492554,1
I FOUND THAT HNB IS GIVING ME COMPETITIVE RATES AND AT THE TIME OF TAKING IT IN AN URGENT IT WAS BEST.,POSITIVE,0.9920908212661743,1
GOOD SERVICE,POSITIVE,0.9998499155044556,1
CUSTOMER SERVICE IS POOR,NEGATIVE,0.9998074173927307,0
CUSTOMER SERVICE IS POOR,NEGATIVE,0.9998074173927307,0
IT'S BECAUSE OF THE BENEFITS I HAVE MOVED TO THIS COMPANY FROM SOME OTHERS. ,POSITIVE,0.9997614026069641,1
NO CLAIM EXPERIENCE.,NEGATIVE,0.9941512942314148,0
GOOD,POSITIVE,0.9998161196708679,1
"I HAVE SELECTED THIRD-PARTY INSURANCE FOR MY BIKE, THE PREMIUM IS REASONABLE WITH ALLIANZ INSURANCE.",POSITIVE,0.7627530694007874,1
"I HAVE SELECTED THIRD-PARTY INSURANCE FOR MY BIKE, THE PREMIUM IS REASONABLE WITH ALLIANZ INSURANCE.",POSITIVE,0.7627530694007874,1
GOOD SERVICE,POSITIVE,0.9998499155044556,1
NOT RECOMMENDABLE,NEGATIVE,0.9926416277885437,0
REASONABLE PRICE FOR THEIR SERVICE,POSITIVE,0.9943491816520691,1
CUSTOMER SERVICE IS POOR,NEGATIVE,0.9998074173927307,0
CUSTOMER SERVICE IS POOR,NEGATIVE,0.9998074173927307,0
LESS CUSTOMER CARING,NEGATIVE,0.9996423721313477,0
CUSTOMER SERVICE IS POOR,NEGATIVE,0.9998074173927307,0
"WHEN I PURCHASED THE POLICY, THEY HAVE ASSURED ME IT'S A CASHLESS POLICY BUT WHEN I HAVE CONTACTED THE GARAGE THEY DENIED IT AND THEIR EXECUTION IS NOT AT ALL HELPFUL.",NEGATIVE,0.9996881484985352,0
AS OF NOW GOOD,POSITIVE,0.999839186668396,1
AS OF NOW GOOD,POSITIVE,0.999839186668396,1
"TILL NOW, I HAVE NOT REQUIRED ANY SERVICES FOR A CLAIM WITH ALLIANZ. PERSONALLY.",NEGATIVE,0.9799153804779053,0
"I DON'T HAVE ANY EXPERIENCE WITH THEM WHEN I WENT TO THE SHOWROOM, THE EXECUTIVE RECOMMENDED ME ALLIANZ. ",POSITIVE,0.9908798933029175,1
"I DON'T HAVE ANY EXPERIENCE WITH THEM WHEN I WENT TO THE SHOWROOM, THE EXECUTIVE RECOMMENDED ME ALLIANZ. ",POSITIVE,0.9908798933029175,1
"THE PREMIUM IS MORE OR LESS WHEN I COMPARED IT WITH OTHERS. IT'S A COMPREHENSIVE PLAN AND AM SATISFIED WITH THE BENEFITS.
",POSITIVE,0.999795138835907,1
CUSTOMER-FRIENDLY POLICY,POSITIVE,0.9953775405883789,1
CUSTOMER-FRIENDLY POLICY,POSITIVE,0.9953775405883789,1
CUSTOMER-FRIENDLY POLICY,POSITIVE,0.9953775405883789,1
CUSTOMER-FRIENDLY POLICY,POSITIVE,0.9953775405883789,1
"FOR ALLIANZ POLICY, I AM USING IT FOR MORE THAN 3 YEARS BUT I NO ISSUES I COME ACROSS. THEY ARE REMINDING ME WHEN THE POLICY GOING TO EXPIRE.",POSITIVE,0.9680492877960205,1
"MY CAR INSURANCE WAS TAKEN AIA INSURANCE. I HAVE PURCHASED THE POLICY BECAUSE THE PREMIUM AMOUNT IS LESS AND THE COVERAGE IS HIGH. 
",NEGATIVE,0.7369488477706909,0
UNACCEPTABLE WORST INSURANCE COMPANY. THEY GIVE THEIR 100% BEST TO REJECT YOUR INSURANCE CLAIM.,NEGATIVE,0.9995953440666199,0
WE NEED TO PAY POLICY TO JUST WASTE OUR MONEY AND GET OUR VEHICLE REPAIRED BY PAYING OUR MONEY.,NEGATIVE,0.9997718930244446,0
THERE CUSTOMER SERVICE AND GRIEVANCE CELL ARE WORST THAN ALL. THE CUSTOMER SERVICE NUMBER DOESN'T WORK AT ALL. IT'S THE WORST CHOICE TO TAKE A POLICY.,NEGATIVE,0.9998193383216858,0
VERY BAD SERVICE,NEGATIVE,0.9997568726539612,0
CUSCHMER SERVICE IS POOR,NEGATIVE,0.9997928738594055,0
CUSCHMER SERVICE IS POOR,NEGATIVE,0.9997928738594055,0
"WHEN I COMPARED IT TO OTHERS, THE PREMIUM IS MORE OR LESS. IT'S A COMPREHENSIVE PLAN, AND I'M HAPPY WITH THE ADVANTAGES.",POSITIVE,0.9998663663864136,1
"I'M DRIVING A TOYOTA, CAB AND BECAUSE WE HAVE A DEAL, THEY PROVIDE EXCELLENT SERVICE. WHEN COMPARED TO OTHER COMPANIES, THE PRICE IS SIGNIFICANTLY LOWER.",NEGATIVE,0.9855775237083435,0
"I HAVE A TOYOTA ETIOS, CLAIMED THE INSURANCE AFTER AN ACCIDENT. TOOK THE CAR FROM THE SHOWROOM AFTER THE PAYMENT AND WAITING FOR THE CLAIM AMOUNT FOR MORE THAN 10 MONTHS.",NEGATIVE,0.9964871406555176,0
I TOOK THE CAR INSURANCE FROM ORIENT INSURANCE BECAUSE THE CAR-TAKEN SHOWROOM MEMBERS HAVE BEEN GIVEN THIS POLICY.,NEGATIVE,0.9957756400108337,0
CEYLINCO INSURANCE GIVEN ME THIRD-PARTY INSURANCE AND FOR ONE TIME. IT'S GOOD BUT I DON'T HAVE CLAIM EXPERIENCE. I HAVE RECEIVED THE INSURANCE PAPER THROUGH THE POST. OVERALL GOOD.,POSITIVE,0.9993734955787659,1
CEYLINCO INSURANCE GIVEN ME THIRD-PARTY INSURANCE AND FOR ONE TIME. IT'S GOOD BUT I DON'T HAVE CLAIM EXPERIENCE. I HAVE RECEIVED THE INSURANCE PAPER THROUGH THE POST. OVERALL GOOD.,POSITIVE,0.9993734955787659,1
MY CAR INSURANCE WAS TAKEN FROM SRI LANKA INSURANCE BECAUSE THE CAR DEALER HAS INFORMED ME ABOUT THIS POLICY. MY CLAIM EXPERIENCE IS GOOD AND THEY HAD PROCESSED THE CLAIM IN 24 HOURS.,POSITIVE,0.9715191125869751,1
"I HAVE A NISSAN CAR WHICH IS MORE THAN 8 YEARS, THEY ARE SENDING THE INSURANCE PAPER ON TIME. ITS A THIRD PARTY INSURANCE. THE CLAIM IS NOT APPLICABLE. ",NEGATIVE,0.9996182918548584,0
"I AM HAVING INSURANCE FROM JANSHAKSHI. WHEN I MET THE ACCIDENT, I SENT A PHOTO TO THEM AND THE EXECUTIVE CAME TO THE PLACE AND THEY TOOK THE PHOTO AND THEY HAVE PROVIDED ME A SOLUTION.
",POSITIVE,0.9425960183143616,1
"CURRENTLY, I HAVE TAKEN POLICY FROM HNB. BREAK DOWN SERVICE, 24 HOURS SERVICE. THE CUSTOMER SERVICE IS GOOD IN TERMS OF REMINDER ALERTS.
",POSITIVE,0.9976477026939392,1
"CURRENTLY, I HAVE TAKEN POLICY FROM HNB. BREAK DOWN SERVICE, 24 HOURS SERVICE. THE CUSTOMER SERVICE IS GOOD IN TERMS OF REMINDER ALERTS.
",POSITIVE,0.9976477026939392,1
"CURRENTLY, I HAVE TAKEN POLICY FROM HNB. BREAK DOWN SERVICE, 24 HOURS SERVICE. THE CUSTOMER SERVICE IS GOOD IN TERMS OF REMINDER ALERTS.
",POSITIVE,0.9976477026939392,1
"CURRENTLY, I HAVE TAKEN POLICY FROM HNB. BREAK DOWN SERVICE, 24 HOURS SERVICE. THE CUSTOMER SERVICE IS GOOD IN TERMS OF REMINDER ALERTS.
",POSITIVE,0.9976477026939392,1
"CURRENTLY, I HAVE TAKEN POLICY FROM HNB. BREAK DOWN SERVICE, 24 HOURS SERVICE. THE CUSTOMER SERVICE IS GOOD IN TERMS OF REMINDER ALERTS.
",POSITIVE,0.9976477026939392,1
SERVICE IS GREAT,POSITIVE,0.9998421669006348,1
I HAVE CHOSEN SRI LANKA INSURANCE BECAUSE AM HOLDING A SALARY ACCOUNT AND THE SERVICES ARE GOOD. I GOT FIRST-PARTY INSURANCE. I AM HAVING MARUTI SUZUKI ZEN WHICH IS 8 YEARS OLD. ,POSITIVE,0.5441427230834961,1
MY CAR IS INSURED WITH AIA GENERAL BECAUSE IT IS SIMPLE TO RENEW AND THE PREMIUMS ARE REASONABLE.,POSITIVE,0.5373640656471252,1
MY BIKE IS INSURED WITH AIA GENERAL BECAUSE IT IS SIMPLE TO RENEW AND THE PREMIUMS ARE REASONABLE.,POSITIVE,0.6049389243125916,1
THE CUSTOMER SERVICE IS NOT SO GOOD AND WOULD SUGGEST THEM TO IMPROVE THE SERVICE. ,NEGATIVE,0.9991593360900879,0
CUSTOMER SERVICE IS POOR,NEGATIVE,0.9998074173927307,0
GOOD,POSITIVE,0.9998161196708679,1
"I HAVE ALTO 800 CAR WHICH HAS THE POLICY OF ORIENTAL INSURANCE,  THE RENEWAL PROCESS IS VERY EASY. I USUALLY VISIT THE ORIENTAL BRANCH, I USED TO GET THE POLICY COPY. THEY DO HAVE ROADSIDE ASSISTANCE, 24 HOURS SERVICE, ETC.",NEGATIVE,0.9092219471931458,0
COOPERATIVE INSURANCE IS WHERE I GOT MY INSURANCE. THEY HAVE PROVIDED THE POLICY BECAUSE THEY HAVE FINANCED MY VEHICLE. I RENEWED MY POLICY WITH THE SAME COMPANY A LONG TIME AGO.,NEGATIVE,0.9653382897377014,0
COOPERATIVE INSURANCE IS WHERE I GOT MY INSURANCE. THEY HAVE PROVIDED THE POLICY BECAUSE THEY HAVE FINANCED MY VEHICLE. I RENEWED MY POLICY WITH THE SAME COMPANY A LONG TIME AGO.,NEGATIVE,0.9653382897377014,0
COOPERATIVE INSURANCE IS WHERE I GOT MY INSURANCE. THEY HAVE PROVIDED THE POLICY BECAUSE THEY HAVE FINANCED MY VEHICLE. I RENEWED MY POLICY WITH THE SAME COMPANY A LONG TIME AGO.,NEGATIVE,0.9653382897377014,0
COOPERATIVE INSURANCE IS WHERE I GOT MY INSURANCE. THEY HAVE PROVIDED THE POLICY BECAUSE THEY HAVE FINANCED MY VEHICLE. I RENEWED MY POLICY WITH THE SAME COMPANY A LONG TIME AGO.,NEGATIVE,0.9653382897377014,0
" 2010, I HAVE SELECTED CAR INSURANCE WITH SRI LANKA AS THE INSURANCE, AND WHEN I FILED A CLAIM BECAUSE MY CAR'S FRONT BUMPER WAS DAMAGED, I CHOSE THE CASHLESS GARAGE OPTION, AND MY CAR WAS REPAIRED IN 2 TO 3 DAYS. IT WAS ALSO A GOOD INSURANCE COMPANY.",POSITIVE,0.9972708821296692,1
GOOD PROTECTION,POSITIVE,0.9998339414596558,1
GOOD PROTECTION,POSITIVE,0.9998339414596558,1
GOOD,POSITIVE,0.9998161196708679,1
GOOD,POSITIVE,0.9998161196708679,1
"CURRENTLY, I HAVE CAR INSURANCE WITH HNB ASSURANCE. THE RENEWAL PROCESS HAS HAPPENED EASILY THROUGH THE DEALER.",POSITIVE,0.815333366394043,1
I HAVE NO CLAIM EXPERIENCE TILL NOW.,NEGATIVE,0.9914835095405579,0
GOOD FOR CAR POLICY,POSITIVE,0.9983684420585632,1
"I HAVE A THREE-WHEELER POLICY WITH ASSETLINE INSURANCE, THE PREMIUM IS BASED ON THE CLAIM, OR ELSE IT'S RELIABLE. THEY DO HAVE THIRD-PARTY INSURANCE, ROADSIDE ASSISTANCE, 24 HOURS, ",NEGATIVE,0.9946151375770569,0
I GOT THE CASHLESS CLAIM WHEN I MET WITH AN ACCIDENT BUT THEY COVERED 50%  ONLY REMAINING AMOUNT I PAID IT.,NEGATIVE,0.9964007139205933,0
 THEY DO HAVE NO CLAIM BONUS FOR MY RENEWAL THE SERVICE IS PROMPT I ABLE TO REACH THEM AT ANY TIME.,POSITIVE,0.8763805627822876,1
MY CLAIM EXPERIENCE IS VERY FAST AND THERE IS NO STRUGGLE IN GETTING THE CLAIM.,POSITIVE,0.9951033592224121,1
MY CLAIM EXPERIENCE IS VERY FAST AND THERE IS NO STRUGGLE IN GETTING THE CLAIM.,POSITIVE,0.9951033592224121,1
THE BEST POLICY FOR CAR,POSITIVE,0.9996343851089478,1
THE PREMIUM COST IS AFFORDABLE AND ALSO THEY GAVE ME THE BEST-INSURED VALUE BASED ON MY ALTO 2016 MODEL CAR.,POSITIVE,0.999675989151001,1
" THEY HAVE ROADSIDE ASSISTANCE, 24 HOURS SERVICE, BREAK DOWN SERVICE, THEY USED TO GIVE NO BONUS CLAIM UP TO 20% WHENEVER I GO FOR RENEWAL.",NEGATIVE,0.9849281907081604,0
GOOD CLAIM PROCESS,POSITIVE,0.9998279809951782,1
GOOD CLAIM PROCESS,POSITIVE,0.9998279809951782,1
GOOD CLAIM PROCESS,POSITIVE,0.9998279809951782,1
GOOD. I AM SATISFIED WITH THE INSURANCE,POSITIVE,0.999840497970581,1
GOOD. I AM SATISFIED WITH THE INSURANCE,POSITIVE,0.999840497970581,1
 IT'S A COMPREHENSIVE PLAN WHICH HAS THE PERSONAL ACCIDENT COVER AS WELL,POSITIVE,0.9942400455474854,1
MY CAR IN TOTAL LOSS AND THEY HAVE REJECT MY CLAIM,NEGATIVE,0.9997782111167908,0
NOT AT ALL SATISFACTORY,NEGATIVE,0.9997885823249817,0
NOT AT ALL SATISFACTORY,NEGATIVE,0.9997885823249817,0
GOOD,POSITIVE,0.9998161196708679,1
GOOD,POSITIVE,0.9998161196708679,1
GOOD,POSITIVE,0.9998161196708679,1
I HAD A VERY BAD EXPERIENCE WITH HNB SO AM NOT INTERESTED TO CONTINUE MY CAR POLICY WITH THEM.,NEGATIVE,0.9994818568229675,0
CUSHOMER SERVICE IS POOR,NEGATIVE,0.9997932314872742,0
BAD,NEGATIVE,0.999782383441925,0
CUSHOMER SERVICE IS POOR,NEGATIVE,0.9997932314872742,0
GOOD,POSITIVE,0.9998161196708679,1
"WHEN I BOUGHT MY CAR AND GOT THIS POLICY. WHEN I WENT WITH A CLAIM FOR A MINOR ACCIDENT, THEY HAVE BEEN SAYING ONLY THESE THINGS WILL BE COVERED AND SOME IS NOT INCLUDED.",NEGATIVE,0.998134195804596,0
GOOD,POSITIVE,0.9998161196708679,1
CUSASMER SERVICE IS POOR,NEGATIVE,0.999808132648468,0
"I GOT THIS POLICY WHEN I BOUGHT MY CAR. WHEN I FILED A CLAIM FOR A MINOR ACCIDENT, THEY TOLD ME THAT ONLY THESE THINGS WOULD BE COVERED AND THAT OTHERS WOULD NOT.",NEGATIVE,0.9973326921463013,0
EXTREMELY SATISFIED,POSITIVE,0.9997338652610779,1
EXTREMELY SATISFIED,POSITIVE,0.9997338652610779,1
EXTREMELY SATISFIED,POSITIVE,0.9997338652610779,1
EXTREMELY SATISFIED,POSITIVE,0.9997338652610779,1
EXTREMELY SATISFIED,POSITIVE,0.9997338652610779,1
"MY CAR IS COVERED BY SRI LANKA INSURANCE, WITH WHOM I AM VERY PLEASED. I'VE BEEN WITH THIS COMPANY FOR TEN YEARS, AND ALL OF MY VEHICLES ARE COVERED BY THEM.",POSITIVE,0.9946265816688538,1
GOOD,POSITIVE,0.9998161196708679,1
GOOD,POSITIVE,0.9998161196708679,1
PREMIUM IS AFFORDABLE. THE CLAIM PROCESS WAS DONE PROPERLY AND THE SERVICES ARE GREAT.,POSITIVE,0.999825656414032,1
PREMIUM IS AFFORDABLE. THE CLAIM PROCESS WAS DONE PROPERLY AND THE SERVICES ARE GREAT.,POSITIVE,0.999825656414032,1
PREMIUM IS AFFORDABLE. THE CLAIM PROCESS WAS DONE PROPERLY AND THE SERVICES ARE GREAT.,POSITIVE,0.999825656414032,1
PREMIUM IS AFFORDABLE. THE CLAIM PROCESS WAS DONE PROPERLY AND THE SERVICES ARE GREAT.,POSITIVE,0.999825656414032,1
PREMIUM IS AFFORDABLE. THE CLAIM PROCESS WAS DONE PROPERLY AND THE SERVICES ARE GREAT.,POSITIVE,0.999825656414032,1
TILL NOW I DIDN'T CLAIMED ANYTHING AND I HAVE NO IDEA ABOUT THE COVERAGE VALUE. THEY ARE GIVING GOOD CUSTOMER SUPPORT AND WISH TO CONTINUE THE SAME.,NEGATIVE,0.9751964807510376,0
" I AM NOT FACING ANY PROBLEMS AND THEY HAVE TAKEN THIRD-PARTY INSURANCE. 
",NEGATIVE,0.8572056889533997,0
" I AM NOT FACING ANY PROBLEMS AND THEY HAVE TAKEN THIRD-PARTY INSURANCE. 
",NEGATIVE,0.8572056889533997,0
" I AM NOT FACING ANY PROBLEMS AND THEY HAVE TAKEN THIRD-PARTY INSURANCE. 
",NEGATIVE,0.8572056889533997,0
HOPING THE PREMIUM IS AFFORDABLE AND THE BENEFITS ARE GOOD.,POSITIVE,0.9997546076774597,1
HOPING THE PREMIUM IS AFFORDABLE AND THE BENEFITS ARE GOOD.,POSITIVE,0.9997546076774597,1
HOPING THE PREMIUM IS AFFORDABLE AND THE BENEFITS ARE GOOD.,POSITIVE,0.9997546076774597,1
"THE PREMIUM IS LOW THAN OTHER INSURANCE COMPANIES. AND ITS FIRST-PARTY INSURANCE WITH FULL COVERAGE. 
",NEGATIVE,0.9924386143684387,0
THEY ARE DOING GOOD SERVICE AND EVEN DONE A CLAIM. I GOT 80% ON THE REIMBURSEMENT.,POSITIVE,0.9932098984718323,1
I DID MY CAR INSURANCE WITH ALLIANZ BECAUSE THEY HAVE APPROACHED ME AND QUOTED THE INSURANCE PRICE. ,POSITIVE,0.9624712467193604,1
THEY WERE VERY TRANSPARENT ON THINGS. THE SERVICES ARE VERY QUICK AND PROMPT.,POSITIVE,0.9862903952598572,1
THEY WERE VERY TRANSPARENT ON THINGS. THE SERVICES ARE VERY QUICK AND PROMPT.,POSITIVE,0.9862903952598572,1
THEY WERE VERY TRANSPARENT ON THINGS. THE SERVICES ARE VERY QUICK AND PROMPT.,POSITIVE,0.9862903952598572,1
 THE POLICY COVERAGE IS ONE YEAR. I TOOK IT FIRST-PARTY INSURANCE FOR MARUTI ALTO CAR.,NEGATIVE,0.9787050485610962,0
IT WORKS AS FIRST PARTY INSURANCE FOR THE FIRST YEAR AND THE REMAINING YEARS AS THIRD PARTY INSURANCE. THE INSURANCE PAPER WAS SENT THROUGH THE POSTAL.,NEGATIVE,0.9925475716590881,0
MY CAR IS INSURED WITH SRI LANKA INSURANCE BECAUSE ITS PREMIUM IS GOOD WHEN COMPARED TO THE PRIVATE INSURER. I HAVE TAKEN FIRST-PARTY INSURANCE. ,POSITIVE,0.9836605787277222,1
"MY CAR INSURANCE POLICY WAS TAKEN FROM ORIENTAL BECAUSE THIS POLICY WAS SUGGESTED BY MY AGENT. THIS IS A FIRST PARTY COVER POLICY. SINCE MY CAR IS NEW, FOR THE FIRST YEAR, THEY ARE GIVING A ZERO DEPRECIATION.",NEGATIVE,0.9959577918052673,0
"FROM HNB ASSURANCE COMPANY HENCE FOR 4 YEARS, I HAVE BEEN RENEWING THE POLICY. I HAD A CLAIM EXPERIENCE AND IT IS EXCELLENT. ",POSITIVE,0.9998204112052917,1
THEY HAVE PROCESSED THE CLAIM AS SOON AS POSSIBLE AND IT WAS A CASHLESS CLAIM FACILITY THAT COVERS 80%.,NEGATIVE,0.9501953721046448,0
 I TOOK THIRD-PARTY INSURANCE BUT THERE IS NO EXPERIENCE.,NEGATIVE,0.9979408383369446,0
 I TOOK THIRD-PARTY INSURANCE BUT THERE IS NO EXPERIENCE.,NEGATIVE,0.9979408383369446,0
I BELIEVE THEY ARE PROVIDING NO CLAIM BONUS WHENEVER I GO FOR THE RENEWAL I COULD SEE THERE. BUT I DON'T FIND ANY DIFFERENCE IN THE PREMIUM. I AM EXPECTING SOME MORE LOW PREMIUMS.,NEGATIVE,0.9994139671325684,0
GOOD,POSITIVE,0.9998161196708679,1
GOOD,POSITIVE,0.9998161196708679,1
GOOD,POSITIVE,0.9998161196708679,1
"THERE IS NO CLAIM EXPERIENCE SO FAR FOR MY CAR INSURANCE. I HAVE HYUNDAI I 10 CARD THEY DO PROVIDE ROADSIDE ASSISTANCE, 24 HOURS SERVICE, AND NO CLAIM BENEFITS.",NEGATIVE,0.9667324423789978,0
MY AGENT SUGGESTED HNB ASSURANCE FOR MY CAR INSURANCE BECAUSE OF THE BENEFITS AND LESSER PREMIUM. ,NEGATIVE,0.9475395083427429,0
"I FACED A CLAIM WITH MY CAR POLICY, WHEN I MET WITH AN ACCIDENT THE FRONT BUMPER GOT DAMAGED AT THE TIME I GOT THE CASHLESS GRANGES I LEFT THE CAR IN AN AUTHORIZED SHOWROOM.",NEGATIVE,0.9986553192138672,0
"I FACED A MINOR ACCIDENT THE BACKSIDE OF THE VEHICLE GOT DAMAGED,  I GOT THE CASH FEWER GARAGES WITHIN THREE DAYS THEY SORT OUT THE ISSUE AS WELL.",NEGATIVE,0.9980906844139099,0
I HAVE CHOSEN SRI LANKA INSURANCE FOR MY CAR. IT'S A 10-YEAR-OLD CAR AND THE COVERAGE VALUE IS LESS.,NEGATIVE,0.9996821880340576,0
NOT RECOMMENDABLE,NEGATIVE,0.9926416277885437,0
CUSBAMER SERVICE IS POOR,NEGATIVE,0.9997945427894592,0
CUSBAMER SERVICE IS POOR,NEGATIVE,0.9997945427894592,0
EXTREMELY BAD,NEGATIVE,0.9997929930686951,0
GOOD SERVICE,POSITIVE,0.9998499155044556,1
TAKEN MY INSURANCE POLICY FROM AIA. I HAVE BOUGHT THE POLICY ONLINE. IT TOOK MORE THAN 20 DAYS TO RECEIVED THE DOCUMENTS.,NEGATIVE,0.996992826461792,0
THERE WAS AN ISSUE WITH ENTERING THE CAR INSURANCE BUT NOW EVERYTHING IS FINE. I HAVE CONTACTED CUSTOMER CARE AND THE SERVICE IS VERY BAD.,NEGATIVE,0.9986562728881836,0
"BEFORE TWO YEARS MY CAR MET WITH AN ACCIDENT RIGHT SIDE OF THE MIRROR GOT FULLY DAMAGE, AT THE TIME I GOT THE CASHLESS GARAGES THEY GOT TIED UP LOTS OF SERVICE CENTERS. ",NEGATIVE,0.9982688426971436,0
GOOD,POSITIVE,0.9998161196708679,1
I HAVE CHOSEN MY INSURANCE THROUGH HNB ASSURANCE AND THE FIRST INSURANCE WAS THROUGH DEALER AND THEY HAVE SUGGESTED HNB ASSURANCE HENCE I'M CONTINUING WITH THEM.,POSITIVE,0.5835227966308594,1
I HAVE GONE FOR CLAIMS AND IT WAS REIMBURSEMENT. THEY HAVE NOT TIED UP WITH THE CASHLESS SHOWROOMS. I AM HAPPY WITH THE BENEFITS.,POSITIVE,0.9997677206993103,1
"THEY HAVE GIVEN ME GOOD COVERAGE AND I HAVE NOT APPLIED FOR ANY CLAIM SO FAR.
",POSITIVE,0.9981016516685486,1
GOOD,POSITIVE,0.9998161196708679,1
 I DON'T HAVE ANY EXPERIENCE WITH THEM ,NEGATIVE,0.9984246492385864,0
QUICK CLAIM PROCESSING,POSITIVE,0.7738532423973083,1
 I HAVE DONE A CLAIM 4 TIMES AND THE CLAIM EXPERIENCE IS GOOD BECAUSE PROVIDING THE CLAIM IS FAST.,POSITIVE,0.9992926120758057,1
" I'M SATISFIED WITH THE COVERAGE AND THE PREMIUM AMOUNT IS A BIT MORE. THEY DO HAVE A NO CLAIM BONUS, ROADSIDE ASSISTANCE, CASHLESS GARAGE FACILITY.",POSITIVE,0.9858068227767944,1
THE RENEWAL PROCESS IS VERY EASY I HAVEN'T FACED ANY ISSUES. THEY ARE SENDING THE REGULAR UPDATES ANYWAY MY SPOUSE IS TAKING CARE OF MY POLICY.,NEGATIVE,0.9713172912597656,0
" THEY GIVE 24 HOURS OF SERVICE, ROADSIDE ASSISTANCE, CASHLESS GARAGES.",NEGATIVE,0.9175933599472046,0
I HAVE INSURANCE WITH ALLIANZ AND MY WIFE IS WORKING AS AN AGENT. THE PREMIUM IS AFFORDABLE AND THE CLAIM PROCESS IS EASY. ,POSITIVE,0.9990081191062927,1
THEY ARE PROVIDING A FASTER RESPONSE THAN ANY OTHER INSURANCE PROVIDER. I HAVE BEEN WITH SRI LANKA INSURANCE FOR THE PAST 12 YEARS.,POSITIVE,0.9968174695968628,1
I BOUGHT HNB ASSURANCE AND THE INSURANCE IS EASY IN THE CUSTOMER POCKET ITSELF AND CUSTOMER FRIENDLY.,POSITIVE,0.9958938360214233,1
"I HAVE INSURANCE WITH ORIENT WHICH WAS OFFERED BY THE DEALER, I THINK THE BENEFITS ARE BETTER. I HAVE NOT CONTACTED CUSTOMER SERVICE. ",NEGATIVE,0.9979369640350342,0
THEY HAVE PROVIDED ME INSURANCE PAPER ON TIME. ONCE I HAD A CLAIM AND IT WAS A GOOD EXPERIENCE.,POSITIVE,0.9963756203651428,1
"MY CAR POLICY BELONGS TO ORIENT INSURANCE, MY FRIEND IS WORKING THERE. ONCE I CLAIMED IT WENT WELL, THERE WAS A SMALL ACCIDENT, HENCE THE CAR FRONT BUMPER AND SIDE GLASS GOT BROKEN. FIRST I PAID THE MONEY AND I GOT A REIMBURSEMENT OF 80% FROM THE INSURANCE COMPANY.",NEGATIVE,0.998282790184021,0
"AROUND 2 YEARS BACK, I BOUGHT CAR INSURANCE FROM SRI LANKA INSURANCE PEOPLE HAVE RECOMMENDED THIS POLICY AND THEIR SERVICE HAS BEEN BETTER.",NEGATIVE,0.9832199215888977,0
I BOUGHT CAR INSURANCE FROM SRI LANKA INSURANCE ABOUT 10 YEARS AGO BECAUSE THEY RECOMMENDED IT AND THEIR SERVICE WAS BETTER.,NEGATIVE,0.916763424873352,0
I HAVE CAR INSURANCE WITH ALLIANZ AND GOT IT THROUGH A KNOWN PERSON FROM THIS COMPANY. IT'S BEEN 2 TO 3 YEARS AND THERE WAS NO CLAIM EXPERIENCE. ,NEGATIVE,0.9925715327262878,0
THE CUSTOMER RESPONSE IS VERY GOOD.,POSITIVE,0.9998587369918823,1
I GOT ONE CLAIM AND IT WAS GOOD.,POSITIVE,0.9998531341552734,1
"I HAVE ORIENT INSURANCE CAR INSURANCE, WHICH WAS PROVIDED BY THE DEALER WHEN I BOUGHT THE CAR.",NEGATIVE,0.9664164781570435,0
 I HAVE NOT APPROACHED THEM FOR ANY CLAIM.,NEGATIVE,0.995498538017273,0
"I PURCHASED A COMPREHENSIVE PLAN FOR MY CAR, AND THEY OFFER 24-HOUR SERVICE FOR ANY CLAIMS.",NEGATIVE,0.5017356276512146,0
"I MADE A CLAIM. ON A HIGHWAY, I SPED UP THE CAR. I FINALLY RECEIVED REIMBURSEMENT WHEN THE CAR'S FRONT PART WAS DAMAGED. THEY DO NOT PROVIDE ROADSIDE ASSISTANCE OR SERVICE 24 HOURS A DAY.",NEGATIVE,0.9982383251190186,0
TILL NOW I HAVE NOT FACED ANY ISSUE WITH MY CAR INSURANCE.  ONE TIME I MADE A CLAIM AND MY EXPERIENCE WAS GOOD. AND THEY PROCESSED ON TIME.,POSITIVE,0.99289870262146,1
"WHEN I GO FOR THE CLAIM, THEY WILL SEND THE BIKE TO THE GARAGES AND THEY WILL COME AND VERIFY AND PROCESSED THE CLAIM IN 3 HOURS.",NEGATIVE,0.9569882750511169,0
I HAD A CLAIM EXPERIENCE WITH ORIENT INSURANCE WHERE THE CLAIM SETTLEMENT WAS DELAYED FOR MORE DAYS ALSO I AM NOT SATISFIED WITH THE CLAIM,NEGATIVE,0.9993257522583008,0
THE CUSTOMER SUPPORT IS NOT GOOD AND NOT SUPPORTED,NEGATIVE,0.9997996687889099,0
I GOT THE CAR INSURANCE THROUGH DEALER WITH ALLIANZ. THE CLAIM PROCESS WAS GOOD AND THEY DO SETTLEMENTS DIRECTLY WITH THE DEALER. ,POSITIVE,0.9930819869041443,1
"LAST YEAR I MET WITH AN ACCIDENT, THEY HAVE DONE IT VERY WELL. MY CAR FRONT BUMPER AND RADIATOR WERE DAMAGED, I GOT THE CASHLESS GARAGES THE JUST TAKEN ONE WEEK OF TIME TO REFLECT THE ISSUE",NEGATIVE,0.8696125745773315,0
IT WAS A FIRST PARTY INSURANCE AND HAD NISSAN. I WAS ASSOCIATED WITH THIS INSURER FOR ONLY 3 TO 4 MONTHS.,NEGATIVE,0.9908279180526733,0
I DO NOT HAVE ANY CLAIM EXPERIENCE SO FAR FROM THE PURCHASING DATE.,NEGATIVE,0.9787639379501343,0
TAKEN MY CAR INSURANCE FROM SRI LANKA INSURANCE. MY DEALER HAS GIVEN THE POLICY TO THEM AND I'M CONTINUING WITH THE SAME COMPANY.,NEGATIVE,0.9887239933013916,0
NOT ANY PARTICULAR REASON FOR CHOOSING THE COMPANY. I HAVE A CLAIM EXPERIENCE.,NEGATIVE,0.993131697177887,0
I HAD A CLAIM EXPERIENCE WITH THE CAR INSURANCE POLICY HOLDING WITH THE HNB ASSURANCE WHERE THE CLAIM I GOT WAS 80%.,NEGATIVE,0.94713294506073,0
I HAD A CLAIM EXPERIENCE WITH THE CAR INSURANCE POLICY HOLDING WITH THE SRI LANKA INSURANCE WHERE THE CLAIM I GOT WAS 80%.,NEGATIVE,0.9290695786476135,0
 THEY ARE GIVING GOOD CUSTOMER SUPPORT AND WISH TO CONTINUE THE SAME.,POSITIVE,0.996391236782074,1
 THEY ARE GIVING GOOD CUSTOMER SUPPORT AND WISH TO CONTINUE THE SAME.,POSITIVE,0.996391236782074,1
 THEY ARE GIVING GOOD CUSTOMER SUPPORT AND WISH TO CONTINUE THE SAME.,POSITIVE,0.996391236782074,1
 THEY ARE GIVING GOOD CUSTOMER SUPPORT AND WISH TO CONTINUE THE SAME.,POSITIVE,0.996391236782074,1
CURRENTLY IM SATISFIED WITH THE SERVICE,POSITIVE,0.994840681552887,1
PROVIDE GOOD SERVICE FOR THE CUSTOMER,POSITIVE,0.9997965693473816,1
PROVIDE GOOD SERVICE FOR THE CUSTOMER,POSITIVE,0.9997965693473816,1
RELIABLE AND VERY ACCURATE INSURANCE ,POSITIVE,0.9998424053192139,1
"STILL I DIDN'T USED, I THINK IT'S GOOD SO, I GIVE 5 STARS",POSITIVE,0.9994879961013794,1
ITÂ€™S A GOOD INSURANCE WHICH I RECOMMEND ,POSITIVE,0.9996318817138672,1
GOOD SERVICE,POSITIVE,0.9998499155044556,1
CLAIMS CAN BE GET IMMEDIATELY WITHOUT WASTED OUR TIME.,POSITIVE,0.991253674030304,1
REALLY HAPPY ABOUT THEIR SERVICE,POSITIVE,0.999870777130127,1
I'M QUITE PLEASED WITH THEIR SERVICE.,POSITIVE,0.9998608827590942,1
ALWAYS HELPFUL AND ALWAYS AVAILABLE,POSITIVE,0.9998565912246704,1
QUICK RESPONSES TO THE CONCERNS,POSITIVE,0.9969998002052307,1
AGENTS ARE VERY HELPFUL ,POSITIVE,0.9996908903121948,1
QUICK RESPONSES ,POSITIVE,0.999099612236023,1
GOOD ..GIVING COMPETITIVE RATES,POSITIVE,0.9998593330383301,1
GOOD ..GIVING COMPETITIVE RATES,POSITIVE,0.9998593330383301,1
GOOD ..GIVING COMPETITIVE RATES,POSITIVE,0.9998593330383301,1
GOOD ..GIVING COMPETITIVE RATES,POSITIVE,0.9998593330383301,1
GOOD..CUSTOMER SERVICE IS GOOD AND COMPETITIVE RATES,POSITIVE,0.9998418092727661,1
GOOD CLAIM EXPERIENCE .HIGHLY RECOMMENDED ,POSITIVE,0.999816358089447,1
EXCELLENT. I HAVE TAKEN INSURANCE FROM CEYLINCO. THE CUSTOMER SERVICE IS GOOD.,POSITIVE,0.9998086094856262,1
GOOD POLICY .I USED TO RENEW FORM THEIR BRANCH OFFICE .CUSTOMER FRIENDLY SERVICE.,POSITIVE,0.9971822500228882,1
EXCELLENT. I HAVE TAKEN INSURANCE FROM CEYLINCO. THE CUSTOMER SERVICE IS GOOD.,POSITIVE,0.9998086094856262,1
GOOD POLICY THEIR CLAIM RATIO IS VERY GOOD.,POSITIVE,0.9997178912162781,1
GOOD SERVICE .IM GETTING NO CLAIM BONUS.,POSITIVE,0.9897538423538208,1
MY CLAIM EXPERIENCE HAVE BEEN POSITIVE . FRIENDLY CUSTOMER SERVICE ,POSITIVE,0.9994983673095703,1
THEY ARE PROVIDING A GOOD CLAIM BONUS AND CUSTOMER SERVICE IS GOOD,POSITIVE,0.9997722506523132,1
GOOD SERVICE.,POSITIVE,0.9998533725738525,1
SECURE AND FAST CLAIM.,POSITIVE,0.9997285008430481,1
MY CLAIM EXPERIENCE IS VERY FAST AND THERE IS NO STRUGGLE IN GETTING THE CLAIM.,POSITIVE,0.9951033592224121,1
GOOD SERVICE.,POSITIVE,0.9998533725738525,1
THE PRICE IS VERY LESS WHEN I COMPARED WITH OTHER COMPANIES.,NEGATIVE,0.9957857728004456,0
THE PRICE IS VERY LESS WHEN I COMPARED WITH OTHER COMPANIES.,NEGATIVE,0.9957857728004456,0
SECURE AND FAST CLAIM.,POSITIVE,0.9997285008430481,1
GOOD SERVICE.,POSITIVE,0.9998533725738525,1
GOOD POLICY THEIR CLAIM RATIO IS VERY GOOD.,POSITIVE,0.9997178912162781,1
GOOD POLICY. I USED TO RENEW THE POLICY IN THEIR BRANCH OFFICE AND THE RESPONSE WAS GOOD. ,POSITIVE,0.9996405839920044,1
GOOD POLICY THEIR CLAIM RATIO IS VERY GOOD.,POSITIVE,0.9997178912162781,1
GOOD POLICY. I USED TO RENEW THE POLICY IN THEIR BRANCH OFFICE AND THE RESPONSE WAS GOOD. ,POSITIVE,0.9996405839920044,1
GOOD POLICY .I USED TO RENEW FORM THEIR BRANCH OFFICE .CUSTOMER FRIENDLY SERVICE.,POSITIVE,0.9971822500228882,1
I USED TO RENEW THE POLICY IN THEIR BRANCH OFFICE AND THE RESPONSE WAS GOOD. ,POSITIVE,0.99967360496521,1
GOOD POLICY .I USED TO RENEW FORM THEIR BRANCH OFFICE .CUSTOMER FRIENDLY SERVICE.,POSITIVE,0.9971822500228882,1
GOOD POLICY. THEIR CLAIM RATIO IS REALLY GOOD.,POSITIVE,0.9998189806938171,1
EXCELLENT. I HAVE TAKEN INSURANCE FROM CEYLINCO. THE CUSTOMER SERVICE IS GOOD.,POSITIVE,0.9998086094856262,1
"MY CLAIM EXPERIENCE IS GOOD.
THIS IS A GOOD POLICY. I USED TO RENEW MY POLICY AT THEIR BRANCH OFFICE AND HAD A GOOD EXPERIENCE.",POSITIVE,0.9996585845947266,1
"MY CLAIM EXPERIENCE IS GOOD.
THIS IS A GOOD POLICY. I USED TO RENEW MY POLICY AT THEIR BRANCH OFFICE AND HAD A GOOD EXPERIENCE.",POSITIVE,0.9996585845947266,1
SECURE AND FAST CLAIM.,POSITIVE,0.9997285008430481,1
 I DO NOT HAVE ANY CLAIM EXPERIENCE TILL NOW.,NEGATIVE,0.9918884634971619,0
"MY CLAIM EXPERIENCE IS GOOD.
THIS IS A GOOD POLICY. I USED TO RENEW MY POLICY AT THEIR BRANCH OFFICE AND HAD A GOOD EXPERIENCE.",POSITIVE,0.9996585845947266,1
SECURE AND FAST CLAIM.,POSITIVE,0.9997285008430481,1
MY CLAIM EXPERIENCE HAS BEEN POSITIVE.GOOD SERVICE ,POSITIVE,0.9998213648796082,1
EXCELLENT CUSTOMER SERVICE. THIS POLICY WAS PROVIDED TO ME BY A COLLEAGUE WHO WORKS WITH US. I'LL GET A NO-CLAIM BONUS AS WELL AS ROADSIDE ASSISTANCE.,POSITIVE,0.9989078044891357,1
EXCELLENT CUSTOMER SERVICE. THIS POLICY WAS PROVIDED TO ME BY A COLLEAGUE WHO WORKS WITH US. I'LL GET A NO-CLAIM BONUS AS WELL AS ROADSIDE ASSISTANCE.,POSITIVE,0.9989078044891357,1
 MY CLAIM EXPERIENCE IS REALLY GOOD BECAUSE THEY HAVE DONE A CASHLESS CLAIM UP TO 90%. ,POSITIVE,0.9997201561927795,1
 I DO NOT HAVE ANY CLAIM EXPERIENCE TILL NOW. ,NEGATIVE,0.9918884634971619,0
I HAVE DONE THE CLAIM TWICE SO FAR. MY CLAIM EXPERIENCE IS REALLY GOOD BECAUSE THEY HAVE DONE A CASHLESS CLAIM UP TO 90%. ,POSITIVE,0.9995355606079102,1
GOOD POLICY,POSITIVE,0.9998393058776855,1
MY CLAIM EXPERIENCE IS REALLY GOOD BECAUSE THEY HAVE DONE A CASHLESS CLAIM UP TO 90%. ,POSITIVE,0.9997201561927795,1
I HAVE DONE THE CLAIM TWICE SO FAR. MY CLAIM EXPERIENCE IS REALLY GOOD BECAUSE THEY HAVE DONE A CASHLESS CLAIM UP TO 90%. ,POSITIVE,0.9995355606079102,1
"GOOD INSURANCE
PREMIUM IS LESS WHEN I COMPARED TO ANOTHER INSURANCE PROVIDER.",NEGATIVE,0.9598137736320496,0
"GOOD INSURANCE
PREMIUM IS LESS WHEN I COMPARED TO ANOTHER INSURANCE PROVIDER.",NEGATIVE,0.9598137736320496,0
"I HAVE NOT APPROACHED THEM FOR ANY KIND OF CLAIM. 
ONE OF THE BEST POLICY",POSITIVE,0.9915714263916016,1
 I DO NOT HAVE ANY CLAIM EXPERIENCE TILL NOW.,NEGATIVE,0.9918884634971619,0
"I HAVE NOT APPROACHED THEM FOR ANY KIND OF CLAIM. 
ONE OF THE BEST POLICY",POSITIVE,0.9915714263916016,1
 I DO NOT HAVE ANY CLAIM EXPERIENCE TILL NOW.,NEGATIVE,0.9918884634971619,0
"
TO APPLY THE CLAIM IS VERY EASY IN A SINGLE CALL. THEY HAVE PROVIDED ME 100% CLAIM.",NEGATIVE,0.9648221731185913,0
"
TO APPLY THE CLAIM IS VERY EASY IN A SINGLE CALL. ",NEGATIVE,0.973818838596344,0
GOOD,POSITIVE,0.9998161196708679,1
GOOD POLICY. THEIR CLAIM RATIO IS REALLY GOOD,POSITIVE,0.9998120665550232,1
 I DO NOT HAVE ANY CLAIM EXPERIENCE TILL NOW.,NEGATIVE,0.9918884634971619,0
GOOD POLICY. THEIR CLAIM RATIO IS REALLY GOOD,POSITIVE,0.9998120665550232,1
EXCELLENT POLICY,POSITIVE,0.9998530149459839,1
EXCELLENT POLICY,POSITIVE,0.9998530149459839,1
 I DO NOT HAVE ANY CLAIM EXPERIENCE TILL NOW.,NEGATIVE,0.9918884634971619,0
EXCELLENT POLICY,POSITIVE,0.9998530149459839,1
EXCELLENT POLICY,POSITIVE,0.9998530149459839,1
GOOD SERVICE,POSITIVE,0.9998499155044556,1
GOOD ,POSITIVE,0.9998161196708679,1
GOOD SERVICE,POSITIVE,0.9998499155044556,1
 I DO NOT HAVE ANY CLAIM EXPERIENCE TILL NOW.,NEGATIVE,0.9918884634971619,0
EXCELLENT CUSTOMER SERVICE.,POSITIVE,0.9998601675033569,1
GOOD,POSITIVE,0.9998161196708679,1
EXCELLENT CUSTOMER SERVICE.,POSITIVE,0.9998601675033569,1
FAST CLAMING PROCESS,NEGATIVE,0.99688321352005,0
"GOOD INSURANCE
PREMIUM IS LESS WHEN I COMPARED TO ANOTHER INSURANCE PROVIDER.",NEGATIVE,0.9598137736320496,0
GOOD INSURANCE. PREMIUM IS LESS WHEN I COMPARED TO ANOTHER INSURANCE PROVIDER.,POSITIVE,0.5482211709022522,1
GOOD INSURANCE. PREMIUM IS LESS WHEN I COMPARED TO ANOTHER INSURANCE PROVIDER.,POSITIVE,0.5482211709022522,1
 I DO NOT HAVE ANY CLAIM EXPERIENCE TILL NOW.,NEGATIVE,0.9918884634971619,0
GOOD INSURANCE. PREMIUM IS LESS WHEN I COMPARED TO ANOTHER INSURANCE PROVIDER.,POSITIVE,0.5482211709022522,1
GOOD POLICY . I HAVE NO CLAIM EXPERIENCE TILL NOW.,POSITIVE,0.9827176928520203,1
I HAVE NO CLAIM EXPERIENCE TILL NOW.,NEGATIVE,0.9914835095405579,0
GOOD POLICY. I HAVE NO CLAIM EXPERIENCE TILL NOW.,POSITIVE,0.9827176928520203,1
TO APPLY THE CLAIM IS VERY EASY IN A SINGLE CALL. SECURE AND FAST CLAIM,POSITIVE,0.9370047450065613,1
TO APPLY THE CLAIM IS VERY EASY IN A SINGLE CALL. SECURE AND FAST CLAIM,POSITIVE,0.9370047450065613,1
TO APPLY THE CLAIM IS VERY EASY IN A SINGLE CALL. SECURE AND FAST CLAIM,POSITIVE,0.9370047450065613,1
TO APPLY THE CLAIM IS VERY EASY IN A SINGLE CALL. SECURE AND FAST CLAIM,POSITIVE,0.9370047450065613,1
 SECURE AND FAST CLAIM. GOOD CUSTOMER SERVICE,POSITIVE,0.9998143315315247,1
 SECURE AND FAST CLAIM. GOOD CUSTOMER SERVICE,POSITIVE,0.9998143315315247,1
 SECURE AND FAST CLAIM. GOOD CUSTOMER SERVICE,POSITIVE,0.9998143315315247,1
 I DO NOT HAVE ANY CLAIM EXPERIENCE TILL NOW.,NEGATIVE,0.9918884634971619,0
 I DO NOT HAVE ANY CLAIM EXPERIENCE TILL NOW.,NEGATIVE,0.9918884634971619,0
