"Timestamp","What is the Motor Insurance are you using?","How long have you been using Insurance Plan?","Vehicle Type","Vehicle Make","Vehicle Model","Provide honest opinion regarding the motor insurance experience you are using?","Rate your Insurance"
"2021/06/05 2:45:54 PM GMT+5:30","Sri Lanka Insurance","Between 1 -5 Years","Lorry","Ashok-Leyland","Cargo 1618","Good full insurance for heavy vehicles","4"
"2021/06/05 2:53:27 PM GMT+5:30","Cooperative Insurance Company Ltd.","Between 5 - 10 Years","Three Wheel","Bajaj","4 Stroke","Currently im satisfied with the service ","3"
"2021/06/05 3:13:19 PM GMT+5:30","Fairfirst Insurance Limited","Less than 1 Year","Car","Toyota","Corolla 121","Provide good service for the customer","4"
"2021/06/05 3:28:14 PM GMT+5:30","Ceylinco General Insurance Limited","Between 5 - 10 Years","Car","Toyota","Vitz","Excellent service ","5"
"2021/06/05 3:52:49 PM GMT+5:30","AIA Insurance Lanka Ltd.","Less than 1 Year","Car","Toyota","Yaris","Good","4"
"2021/06/05 4:10:30 PM GMT+5:30","Sri Lanka Insurance","Between 5 - 10 Years","Car","Suzuki","Alto","Good","5"
"2021/06/05 4:23:34 PM GMT+5:30","Janashakthi Insurance PLC","More than 10 Years","Car","Suzuki","Suzuki Alto","Reliable and very accurate insurance ","5"
"2021/06/05 4:44:58 PM GMT+5:30","Cooperative Insurance Company Ltd.","Between 1 -5 Years","Car","Geely","Panda Cross","Good","4"
"2021/06/05 4:48:46 PM GMT+5:30","Cooperative Insurance Company Ltd.","Between 1 -5 Years","Motor Bike","Hero ","Pleasure","Still i didn't used, i think it's good so, i give 5 stars","5"
"2021/06/05 4:52:59 PM GMT+5:30","Ceylinco General Insurance Limited","Less than 1 Year","Van","Toyota","Kdh","Good ","5"
"2021/06/05 4:54:15 PM GMT+5:30","Sri Lanka Insurance","More than 10 Years","Car","Toyota","Aqua","In our country, full insurance is good till the first claim. But after that, it's some kind of a joke. ðŸ‘Ž","3"
"2021/06/05 5:13:08 PM GMT+5:30","Janashakthi Insurance PLC","Between 1 -5 Years","Motor Bike","Bajaj","125","Very good","5"
"2021/06/05 6:01:56 PM GMT+5:30","Sri Lanka Insurance","Between 1 -5 Years","Car","Toyota","Axio ","Not easy to get claim itâ€™s long procedure ","3"
"2021/06/05 8:08:46 PM GMT+5:30","Ceylinco General Insurance Limited","Less than 1 Year","Van","Toyota","Kdh","Good ","5"
"2021/06/06 9:13:30 AM GMT+5:30","Allianz Insurance Lanka Ltd.","Between 1 -5 Years","Car","Toyota","Toyota Premio 2017","Itâ€™s a good insurance which I recommend ","4"
"2021/06/06 1:32:36 PM GMT+5:30","AIA Insurance Lanka Ltd.","Less than 1 Year","Car","Suzuki","Swift ","East ","5"
"2021/06/06 4:19:57 PM GMT+5:30","People's Insurance ","Between 1 -5 Years","Car","Nissan","Nissan ad wagon","Good sercice","4"
"2021/06/06 11:03:55 PM GMT+5:30","Amana Takaful PLC","Between 1 -5 Years","Lorry","Isuzu","Elf 350","Such a money-making company, third class service , i gave my car to insurance to get it claimed but i am waiting from past 1 month , i didn't get the approval . I have never came across such a bad company and bad customer service and still i am struggling with these people . Shameless company .","1"
"2021/06/06 11:09:49 PM GMT+5:30","Fairfirst Insurance Limited","Less than 1 Year","Car","Hyundai","eon 2014","Got my car damaged by accident. The damage happened in two places on the same side(bumper & front door), yet the survey agent refused to accept that and denied a claim for one of the damages. Called me a liar on the phone as well. Horrible Service! Never buying insurance from this company again","1"
"2021/06/07 12:08:39 AM GMT+5:30","Sri Lanka Insurance","Between 1 -5 Years","Car","Hyundai","EON","CLAIMS CAN BE GET IMMEDIATELY WITHOUT WASTED OUR TIME.","4"
"2021/06/07 7:06:14 AM GMT+5:30","LOLC","Between 1 -5 Years","Car","Suzuki","Wagon R FZ","Happy ","5"
"2021/06/07 8:37:33 AM GMT+5:30","continental insurance","Between 1 -5 Years","Car","Honda","Grace ","Really happy about their service.","5"
"2021/06/14 9:52:38 PM GMT+5:30","Janashakthi Insurance PLC","Less than 1 Year","Car","Toyota","Gp5","Good","4"
"2021/06/14 10:11:17 PM GMT+5:30","Ceylinco General Insurance Limited","Between 1 -5 Years","Car","Toyota","Gp5","Satisfied ","4"
"2021/06/25 12:11:12 PM GMT+5:30","Sri Lanka Insurance","Between 1 -5 Years","Car","Toyota","Cololla 121","Great","4"
"2021/06/25 12:13:39 PM GMT+5:30","Sri Lanka Insurance","Between 5 - 10 Years","Lorry","Honda","accord"," I have done the claim twice so far. My claim experience is really good because they have done a cashless claim up to 90%.","4"
"2021/06/25 12:16:04 PM GMT+5:30","Ceylinco General Insurance Limited","Less than 1 Year","Van","Nissan","vanette","I don't have any claim experience, they have not provided me any no-claim ","3"
"2021/06/25 12:31:10 PM GMT+5:30","Sri Lanka Insurance","Between 5 - 10 Years","Car","Toyota","AE 100","policy even if the car is 7 years old and this is the only company that provides this facility. To apply the claim is very easy in a single call. They have provided me 100% claim.","5"
"2021/06/25 1:48:35 PM GMT+5:30","Allianz Insurance Lanka Ltd.","Less than 1 Year","Three Wheel","Bajaj","4 stroke","Good Policy","4"
"2021/06/25 1:50:54 PM GMT+5:30","HNB Assurance PLC","Between 1 -5 Years","Jeep/SUV","Isuzu"," trooper"," trooper","3"
"2021/06/27 8:00:46 PM GMT+5:30","Ceylinco General Insurance Limited","Less than 1 Year","Car","Suzuki","B 15","Good Policy. I used to renew the policy in their branch office and the response was good. ","4"
"2021/06/27 8:02:55 PM GMT+5:30","Amana Takaful PLC","Between 1 -5 Years","Three Wheel","Bajaj","Re 4 stroke","Worst experience, the Customer care doesn't know about the product and don't know the process. Tries to profit the service center by changing unwanted items and forcing the customer to pay more than the insurance amount","2"
"2021/06/27 8:04:51 PM GMT+5:30","Sri Lanka Insurance","Between 1 -5 Years","Car","Nissan","FB 15","Excellent policy","5"
"2021/06/27 8:05:51 PM GMT+5:30","Ceylinco General Insurance Limited","Between 1 -5 Years","Van","Toyota","KDH","
Good Policy. Their claim ratio is really good.","4"
"2021/06/27 8:09:04 PM GMT+5:30","Orient Insurance","Between 1 -5 Years","Car","Maruti Suzuki","Alto 800","Good Policy. I have selected my car insurance because it's collaborated with Suzuki showroom hence it's easy to claim the insurance. My claim experience is good.","5"
"2021/06/27 8:14:05 PM GMT+5:30","Sri Lanka Insurance","More than 10 Years","Car","Mitsubishi","lancer box","This is a good policy. I used to renew my policy at their branch office and had a good experience.","5"
"2021/06/27 8:18:42 PM GMT+5:30","Fairfirst Insurance Limited","Less than 1 Year","Van","Mitsubishi","L300","Worst experience; customer service is clueless about the product and the process. Attempts to make money for the service center by replacing unwanted items and forcing the customer to pay more than the insurance deductible.","1"
"2021/06/27 8:22:43 PM GMT+5:30","Assetline Insurance","Between 1 -5 Years","Three Wheel","Bajaj","Re 4 stroke","This is a good policy. I chose my insurance because it is affiliated with the David Pieris showroom, making it simple to file a claim. My claim experience has been positive.","5"
"2021/06/27 8:24:45 PM GMT+5:30","AIA Insurance Lanka Ltd.","Between 1 -5 Years","Car","Nissan","Bluebird","Good. My car insurance was taken from AIA because I am holding the policy with the same company for almost seven months and I have not done any claim so far. ","4"
"2021/06/27 8:31:23 PM GMT+5:30","Janashakthi Insurance PLC","Less than 1 Year","Lorry","Isuzu","Elf 150","My insurance was purchased from Janashakthi Insurance because I have been with the same company for almost seven months and have yet to file a claim.","4"
"2021/06/27 8:36:47 PM GMT+5:30","Sri Lanka Insurance","Between 5 - 10 Years","Jeep/SUV","Nissan","Petrol 2004","Good Service. The agent who works with us as a colleague provided me this policy. I'm getting a no-claim bonus and roadside assistance as well.","5"
"2021/06/27 8:38:05 PM GMT+5:30","Ceylinco General Insurance Limited","Between 1 -5 Years","Jeep/SUV","Toyota","Camry","Excellent customer service. This policy was provided to me by a colleague who works with us. I'll get a no-claim bonus as well as roadside assistance.","4"
"2021/06/27 10:31:53 PM GMT+5:30","Sri Lanka Insurance","Between 5 - 10 Years","Lorry","Tata","LPK 2518","
I have done the claim twice so far. My claim experience is really good because they have done a cashless claim up to 90%. ","5"
"2021/06/27 10:38:53 PM GMT+5:30","Allianz Insurance Lanka Ltd.","Less than 1 Year","Bus","Ashok-Leyland","Viking"," Good Insurance","4"
"2021/06/27 10:39:59 PM GMT+5:30","Amana Takaful PLC","Less than 1 Year","Van","Isuzu","Fargo","premium is less when I compared to another insurance provider.","3"
"2021/06/27 10:42:28 PM GMT+5:30","Cooperative Insurance Company Ltd.","Between 1 -5 Years","Lorry","JAC","12 Feet Half Body","Good Policy","4"
"2021/06/27 10:44:09 PM GMT+5:30","Ceylinco General Insurance Limited","Less than 1 Year","Car","Geely","Panda","This is third-party insurance. My friend is working as an agent and he will renew the policy. I have not approached them for any kind of claim. ","3"
"2021/06/27 10:45:06 PM GMT+5:30","Sri Lanka Insurance","Between 5 - 10 Years","Car","Toyota","Premio","One of the best policy","5"
"2021/06/27 10:51:35 PM GMT+5:30","Fairfirst Insurance Limited","Between 1 -5 Years","Three Wheel","Bajaj","RE 4 stroke","For the economical and low premium purpose, I have chosen the Three-wheeler insurance from fairfirst insurance.","4"
"2021/06/28 7:05:06 AM GMT+5:30","HNB Assurance PLC","Less than 1 Year","Car","Toyota","AE 90","Good policy","4"
"2021/06/28 7:07:06 AM GMT+5:30","Fairfirst Insurance Limited","Between 1 -5 Years","Three Wheel","Bajaj","2 Stroke","For the economical and low premium purpose, I have chosen the Three-wheeler insurance from fairfirst insurance.","4"
"2021/06/28 7:08:03 AM GMT+5:30","Sri Lanka Insurance","Less than 1 Year","Car","Nissan","March","
I have no claim experience till now.","3"
"2021/06/28 7:10:31 AM GMT+5:30","Cooperative Insurance Company Ltd.","Between 1 -5 Years","Bus","Mitsubishi","Rosa","Good policy. So I have taken my insurance from Cooperative Insurance .this company because they are providing me a bumper-to-bumper offer.","4"
"2021/06/28 7:11:40 AM GMT+5:30","Sri Lanka Insurance","Between 5 - 10 Years","Car","Nissan","Sunny"," the comprehensive policy even if the car is 7 years old and this is the only company that provides this facility. 
","5"
"2021/06/28 7:27:11 AM GMT+5:30","Sri Lanka Insurance","Between 1 -5 Years","Car","Toyota","Corolla 141","To apply the claim is very easy in a single call. They have provided me 100% claim.","5"
"2021/06/28 7:29:01 AM GMT+5:30","Ceylinco General Insurance Limited","Between 1 -5 Years","Lorry","Isuzu","Elf 250","
Secure and fast claim","4"
"2021/06/28 7:32:55 AM GMT+5:30","Sri Lanka Insurance","Between 5 - 10 Years","Jeep/SUV","Mitsubishi","pajero 1988"," I have been renewing the policy with the same company for the last 5 years.","5"
"2021/06/28 7:36:57 AM GMT+5:30","Sri Lanka Insurance","Between 1 -5 Years","Car","BMW","320","My claim experience is very fast and there is no struggle in getting the claim. The person will come to the spot by the next day once we applied the claim. I got the claim up to 90%. I have been receiving the no-claim bonus also.","4"
"2021/06/28 7:43:53 AM GMT+5:30","Amana Takaful PLC","Between 1 -5 Years","Car","Hyundai","eon","Money waste policy I have taken my car insurance from Amana Takaful earlier but I'm not satisfied with their services. ","1"
"2021/06/28 7:48:20 AM GMT+5:30","Janashakthi Insurance PLC","Between 1 -5 Years","Car","Honda","Civic","When I applied for my claim, they have taken most of the part and they didn't provide the cashless claim in their garages.","3"
"2021/06/28 7:50:42 AM GMT+5:30","Amana Takaful PLC","Between 1 -5 Years","Van","Toyota","HIACE LONG SUPER GL ","

 The quality of service is not that much good. ","2"
"2021/06/28 8:05:16 AM GMT+5:30","Fairfirst Insurance Limited","Less than 1 Year","Bus","Toyota","Coaster ","
Need to improve the service","2"
"2021/06/28 8:12:41 AM GMT+5:30","Janashakthi Insurance PLC","Between 1 -5 Years","Car","Nissan","B11","They have provided me a better offer with a better quotation including the bumper to bumper offer so that I took the same and till now I never spoke with the customer care also.","3"
"2021/06/28 8:33:37 AM GMT+5:30","Ceylinco General Insurance Limited","Less than 1 Year","Van","Toyota","CR 42","
 I have not approached them for any claim. ","3"
"2021/06/29 7:53:40 AM GMT+5:30","Sri Lanka Insurance","Between 5 - 10 Years","Car","Toyota","Allion 260"," I have not applied for any claim till now. For 7 years, I have been renewing the policy with the same company. ","4"
"2021/06/29 7:55:57 AM GMT+5:30","Sri Lanka Insurance","More than 10 Years","Car","Toyota","Corolla 110","There is no cashless claim I had because there is a delay in that and it takes almost 1 week. They are giving a claim up to 70% since my vehicle is an old one.
","4"
"2021/06/30 7:47:38 AM GMT+5:30","Ceylinco General Insurance Limited","Between 1 -5 Years","Van","Suzuki","Every Full Joint 2012","I'm having insurance from Ceylinco but the benefits are good but still, I haven't claimed anything once I had experienced the claim","3"
"2021/06/30 7:50:59 AM GMT+5:30","Sri Lanka Insurance","Less than 1 Year","Car","Toyota","Passo","I'm a new customer, The customer care executive has clearly explained to me the policy details.","4"
"2021/06/30 7:52:26 AM GMT+5:30","Amana Takaful PLC","Less than 1 Year","Lorry","Mitsubishi","Canter","
Such a money-making company, third class service.","1"
"2021/06/30 7:53:48 AM GMT+5:30","Fairfirst Insurance Limited","Between 1 -5 Years","Car","Toyota","Corolla KE 30","I gave my car to insurance to get it claimed but I am waiting for the past 1 month, I didn't get the approval. I have never come across such a bad company and bad customer service and still, I am struggling with these people. 
","1"
"2021/06/30 7:58:42 AM GMT+5:30","Continental Insurance","Between 1 -5 Years","Car","Nissan","Sunny B12","
Shameless company.","1"
"2021/06/30 9:32:44 AM GMT+5:30","Amana Takaful PLC","Between 1 -5 Years","","Toyota","Axio X Grade","Unacceptable. The insurance company is not genuine at all as it is a private company so their focus is just to collect the premium from clients but at the time of claims they run from their responsibilities and deny the claims for no reason. ","1"
"2021/06/30 9:33:55 AM GMT+5:30","Fairfirst Insurance Limited","Between 1 -5 Years","Car","Geely","Panda cross","
 I would like to alert the customers to never go with this insurance.","1"
"2021/06/30 9:35:54 AM GMT+5:30","Orient ","Between 1 -5 Years","Lorry","Mitsubishi","Canter","Better Policy Taken my car insurance from Orient Insurance because it has been offered by AMW Showroom itself.","5"
"2021/06/30 10:48:29 AM GMT+5:30","Allianz Insurance Lanka Ltd.","Between 1 -5 Years","Car","Subaru","STI GDB 2005","I have insurance from Allianz. They are providing a good no claim bonus and customer service is good.","4"
"2021/06/30 10:50:49 AM GMT+5:30","Ceylinco General Insurance Limited","Between 5 - 10 Years","Car","Toyota"," Carina T150 1986","I don't have any claim experience even the policy is good.","4"
"2021/06/30 10:52:19 AM GMT+5:30","Allianz Insurance Lanka Ltd.","Between 1 -5 Years","Car","Nissan","Sunny N17 2004","There is no particular reason for choosing Allianz.","3"
"2021/06/30 10:53:48 AM GMT+5:30","HNB Assurance PLC","Between 1 -5 Years","Car","Toyota","Vitz Safety 2016","
 There are no hassles till now.","3"
"2021/06/30 10:54:57 AM GMT+5:30","Janashakthi Insurance PLC","Between 1 -5 Years","Car","Nissan","Wingroad Y12 AD Wagon 2016","
Recently I have a claim experience for my car insurance with Janashakthi Insurance. There was a claim issue when I applied it. They gave less settlement amount and it was a late approval. ","3"
"2021/06/30 10:56:32 AM GMT+5:30","Sri Lanka Insurance","Between 5 - 10 Years","Car","Honda","Fit ","Great!. My friend is working in Sri Lanka Insurance that's the reason I have gone with Sri Lanka Insurance.
","5"
"2021/06/30 11:35:58 AM GMT+5:30","Ceylinco General Insurance Limited","Between 1 -5 Years","Jeep/SUV","Honda","vezel","
 satisfied coverage value as per the age of the car.","4"
"2021/06/30 11:37:36 AM GMT+5:30","Ceylinco General Insurance Limited","Between 5 - 10 Years","Van","Nissan","Caravan 1995 "," I have not approached for any claim till now. The policy would be renewed by the agent itself.","4"
"2021/06/30 11:40:59 AM GMT+5:30","Sri Lanka Insurance","More than 10 Years","Lorry","Isuzu","Juston forward","Good Claim Experience","5"
"2021/06/30 1:42:30 PM GMT+5:30","Sri Lanka Insurance","More than 10 Years","Car","Toyota","Corolla 110","I'm using the Toyota car and they are giving a good service since they have a tie-up. The price is very less when I compared with other companies.","5"
"2021/06/30 1:48:04 PM GMT+5:30","Cooperative Insurance Company Ltd.","Between 1 -5 Years","Van","Suzuki","Every 2007","I have a claim experience with them and it was satisfactory.","4"
"2021/06/30 1:50:22 PM GMT+5:30","Cooperative Insurance Company Ltd.","More than 10 Years","Car","Toyota","Allion 260","Good Insurance Policy. My car insurance was taken from Cooperative Insurance. I have purchased a second-hand car, so I have been renewing the policy with the same company that the car holder was having at earlier. I have not applied for any claim till now.","4"
"2021/06/30 1:51:51 PM GMT+5:30","Ceylinco General Insurance Limited","Between 1 -5 Years","Van","Daihatsu"," Hijet","Excellent. I have taken insurance from Ceylinco. The customer service is good.","4"
"2021/06/30 2:04:30 PM GMT+5:30","Amana Takaful PLC","Between 1 -5 Years","Lorry","Isuzu","Elf 250","I have gone for claims and it was a reimbursement. They have not tied up with the cashless showrooms.
","2"
"2021/06/30 2:19:13 PM GMT+5:30","Sri Lanka Insurance","Between 1 -5 Years","Lorry","Tata","LPK 1615","I am happy with the benefits. It's first-party insurance.","4"
"2021/06/30 2:21:22 PM GMT+5:30","HNB Assurance PLC","Between 1 -5 Years","Car","Toyota","Camry 1997","I found that HNB is giving me competitive rates and at the time of taking it in an urgent it was best.","4"
"2021/06/30 4:17:22 PM GMT+5:30","Ceylinco General Insurance Limited","Between 1 -5 Years","Jeep/SUV","Mahindra"," Bolero 2016","It's because of the benefits I have moved to this company from some others. ","4"
"2021/06/30 4:18:31 PM GMT+5:30","Allianz Insurance Lanka Ltd.","Less than 1 Year","Motor Bike","Honda","Dio 2010 Motorbike","No claim experience.","3"
"2021/06/30 4:19:27 PM GMT+5:30","Allianz Insurance Lanka Ltd.","Between 1 -5 Years","Motor Bike","Bajaj","CT-100 2014 ","
 I have not approached for any claim.","3"
"2021/06/30 4:20:59 PM GMT+5:30","Allianz Insurance Lanka Ltd.","Between 1 -5 Years","Motor Bike","Honda","AX-1Chassis 110 2008","I have selected third-party insurance for my bike, the premium is reasonable with Allianz Insurance.","4"
"2021/06/30 4:27:14 PM GMT+5:30","AIA Insurance Lanka Ltd.","Between 5 - 10 Years","","Suzuki","Wagon R ","
 I have Suzuki Wagon R and it's 5 years old, their IDV is less. I have no claim experience.","4"
"2021/06/30 4:30:41 PM GMT+5:30","Amana Takaful PLC","Between 1 -5 Years","Car","Toyota","Corolla Dx Wagon KE72","Not recommendable","4"
"2021/06/30 4:31:29 PM GMT+5:30","Fairfirst Insurance Limited","Between 1 -5 Years","Van","Suzuki","Every 2015 ","
Earlier, I had a policy with Fairfirst Insurance and have been facing so many issues during the claim which is not satisfactory.","2"
"2021/06/30 4:33:53 PM GMT+5:30","Janashakthi Insurance PLC","Between 5 - 10 Years","Van","Toyota","Townace CR27 1993","When I purchased the policy, they have assured me it's a cashless policy but when I have contacted the garage they denied it and their execution is not at all helpful.","2"
"2021/06/30 4:45:05 PM GMT+5:30","Ceylinco General Insurance Limited","Between 1 -5 Years","Cab","Toyota","HILUX LN107 1994","As of now good","4"
"2021/06/30 6:48:16 PM GMT+5:30","Allianz Insurance Lanka Ltd.","Between 5 - 10 Years","Car","Nissan","Doctor Sunny FB13 1992","Till now, I have not required any services for a claim with Allianz. Personally.","3"
"2021/06/30 6:49:22 PM GMT+5:30","Allianz Insurance Lanka Ltd.","Between 1 -5 Years","Cab","Mitsubishi","Canter 2000 Crew Cab ","I don't have any experience with them when I went to the showroom, the executive recommended me Allianz. ","4"
"2021/06/30 6:52:19 PM GMT+5:30","Sri Lanka Insurance","More than 10 Years","Lorry","Nissan","ATLAS 1995","The premium is more or less when I compared it with others. It's a comprehensive plan and am satisfied with the benefits.
","4"
"2021/06/30 6:53:43 PM GMT+5:30","Janashakthi Insurance PLC","Between 1 -5 Years","Car","Nissan","FB15 1999 ","Customer-friendly policy","4"
"2021/06/30 6:55:42 PM GMT+5:30","Allianz Insurance Lanka Ltd.","Between 5 - 10 Years","Car","Toyota","Corolla AE110 G Grade","For Allianz policy, I am using it for more than 3 years but I no issues I come across. They are reminding me when the policy going to expire.","4"
"2021/06/30 6:58:13 PM GMT+5:30","AIA Insurance Lanka Ltd.","Between 1 -5 Years","Car","Mercedes-Benz","W124 Class 200 ","My car insurance was taken AIA Insurance. I have purchased the policy because the premium amount is less and the coverage is high. 
","4"
"2021/06/30 6:59:53 PM GMT+5:30","Fairfirst Insurance Limited","Less than 1 Year","Cab","Mahindra"," Scorpio 2009 ","Unacceptable Worst Insurance company. They give their 100% best to reject your insurance claim.","1"
"2021/06/30 7:02:13 PM GMT+5:30","Amana Takaful PLC","Between 1 -5 Years","Bus","Ashok-Leyland","VIKING 2004","we need to pay policy to just waste our money and get our vehicle repaired by paying our money.","1"
"2021/06/30 7:03:32 PM GMT+5:30","Amana Takaful PLC","Between 1 -5 Years","Car","Chevrolet ","CRUZE 2003 ","there customer service and grievance cell are worst than all. The customer service number doesn't work at all. It's the worst choice to take a policy.","2"
"2021/06/30 7:16:10 PM GMT+5:30","Sri Lanka Insurance","Between 1 -5 Years","Car","Nissan","Sylphy 2005","When I compared it to others, the premium is more or less. It's a comprehensive plan, and I'm happy with the advantages.","4"
"2021/06/30 7:18:39 PM GMT+5:30","Sri Lanka Insurance","More than 10 Years","Cab","Toyota","Hilux SSR X","I'm driving a Toyota, cab and because we have a deal, they provide excellent service. When compared to other companies, the price is significantly lower.","4"
"2021/07/01 7:06:22 AM GMT+5:30","Fairfirst Insurance Limited","Less than 1 Year","Car","Toyota","Etios","I Have a Toyota Etios, Claimed the insurance after an accident. Took the car from the showroom after the payment and waiting for the claim amount for more than 10 months.","2"
"2021/07/01 7:14:43 AM GMT+5:30","Orient Insurance","Between 1 -5 Years","Car","Maruti Suzuki","Alto 800","I took the car insurance from orient Insurance because the car-taken showroom members have been given this policy.","4"
"2021/07/01 7:22:40 AM GMT+5:30","Ceylinco General Insurance Limited","Between 1 -5 Years","Motor Bike","Honda","CD 200","Ceylinco insurance given me third-party insurance and for one time. It's good but I don't have claim experience. I have received the insurance paper through the post. Overall good.","4"
"2021/07/01 7:32:52 AM GMT+5:30","Ceylinco General Insurance Limited","Between 5 - 10 Years","Van","Toyota","HIACE DOLPHIN LH113 ","My car insurance was taken from Sri Lanka insurance because the car dealer has informed me about this policy. My claim experience is good and they had processed the claim in 24 hours.","4"
"2021/07/01 7:37:02 AM GMT+5:30","Allianz Insurance Lanka Ltd.","Between 1 -5 Years","Car","Nissan","Vios ","I have a Nissan car which is more than 8 years, They are sending the insurance paper on time. Its a third party insurance. The claim is not applicable. ","3"
"2021/07/01 7:38:25 AM GMT+5:30","Janashakthi Insurance PLC","More than 10 Years","Van","Toyota","Townace CR27","I am having insurance from Janshakshi. When I met the accident, I sent a photo to them and the executive came to the place and they took the photo and they have provided me a solution.
","4"
"2021/07/01 8:06:48 AM GMT+5:30","HNB Assurance PLC","Between 1 -5 Years","","Nissan","N16 2006 ","Currently, I have taken policy from HNB. break down service, 24 hours service. The customer service is good in terms of reminder alerts.
","4"
"2021/07/01 8:08:36 AM GMT+5:30","HNB Assurance PLC","Between 1 -5 Years","Car","Honda","City","

For my Honda city, I took HNB assurance. There is no claim experience so far, the renewal process is very easy via online.","4"
"2021/07/01 8:10:57 AM GMT+5:30","Sri Lanka Insurance","Between 1 -5 Years","Car","Maruti Suzuki","Zen ","I have chosen Sri Lanka insurance because am holding a salary account and the services are good. I got first-party insurance. I am having Maruti Suzuki Zen which is 8 years old. ","4"
"2021/07/01 8:56:37 AM GMT+5:30","AIA Insurance Lanka Ltd.","Between 1 -5 Years","Jeep/SUV","Mitsubishi","Pajero Intercooler 1994","My car is insured with AIA General because it is simple to renew and the premiums are reasonable.","4"
"2021/07/01 8:58:05 AM GMT+5:30","Amana Takaful PLC","Between 1 -5 Years","Car","Toyota","Corolla 121 2001","The customer service is not so good and would suggest them to improve the service. ","3"
"2021/07/01 8:59:38 AM GMT+5:30","Allianz Insurance Lanka Ltd.","Between 1 -5 Years","Car","Ford ","Laser 1999","I had a claim and the experience was average. The policy is valid for up to 3 years.
","4"
"2021/07/01 9:00:52 AM GMT+5:30","Oriental Insurance","More than 10 Years","Car","Maruti Suzuki","Alto 800","I have alto 800 car which has the policy of Oriental Insurance,  the renewal process is very easy. I usually visit the Oriental branch, I used to get the policy copy. They do have roadside assistance, 24 hours service, etc.","4"
"2021/07/01 10:27:37 AM GMT+5:30","Cooperative Insurance","Between 5 - 10 Years","Van","Toyota","LH 182 5L 1999","Cooperative Insurance is where I got my insurance. They have provided the policy because they have financed my vehicle. I renewed my policy with the same company a long time ago.","4"
"2021/07/01 10:35:13 AM GMT+5:30","Sri Lanka Insurance","More than 10 Years","Car","Suzuki","Swift "," 2010, I have selected car insurance with Sri Lanka as the Insurance, and when I filed a claim because my car's front bumper was damaged, I chose the cashless garage option, and my car was repaired in 2 to 3 days. It was also a good insurance company.","4"
"2021/07/01 10:36:04 AM GMT+5:30","Allianz Insurance Lanka Ltd.","Between 1 -5 Years","Car","Honda","Fit Shuttle 2013","Good Protection","3"
"2021/07/01 10:38:33 AM GMT+5:30","HNB Assurance PLC","Between 1 -5 Years","Car","Nissan","Pulsar","Currently, I have car insurance with HNB Assurance. The renewal process has happened easily through the dealer.","4"
"2021/07/01 10:41:47 AM GMT+5:30","Cooperative Insurance Company Ltd.","Between 5 - 10 Years","","Suzuki","Alto Japan 2008 ","
Good for car policy","4"
"2021/07/01 10:43:13 AM GMT+5:30","Assetline Insurance","Between 1 -5 Years","","Bajaj","RE 4 Stroke","I have a three-wheeler policy with Assetline Insurance, the premium is based on the claim, or else it's reliable. They do have third-party insurance, roadside assistance, 24 hours, ","4"
"2021/07/01 10:45:44 AM GMT+5:30","Janashakthi Insurance PLC","Between 5 - 10 Years","Car","Kia ","Sephia 2002","I got the cashless claim when I met with an accident but they covered 50%  only remaining amount I paid it.","3"
"2021/07/01 10:47:22 AM GMT+5:30","Allianz Insurance Lanka Ltd.","Between 1 -5 Years","Car","Perodua ","Viva Elite 2011"," They do have no claim bonus for my renewal The service is prompt I able to reach them at any time.","2"
"2021/07/01 12:32:26 PM GMT+5:30","Ceylinco General Insurance Limited","Between 1 -5 Years","Car","Honda","Clivic","
The best policy for car","4"
"2021/07/01 12:33:09 PM GMT+5:30","Janashakthi Insurance PLC","Between 1 -5 Years","Car","Maruti Suzuki","Alto 800","The premium cost is affordable and also they gave me the best-insured value based on my Alto 2016 model car.","4"
"2021/07/01 12:34:14 PM GMT+5:30","Allianz Insurance Lanka Ltd.","Between 5 - 10 Years","Car","Toyota","AE 100"," They have roadside assistance, 24 hours service, break down service, they used to give no bonus claim up to 20% whenever I go for renewal.","3"
"2021/07/01 12:34:51 PM GMT+5:30","Sri Lanka Insurance","Between 1 -5 Years","Lorry","Tata","LPK 2516","Good Claim Process","4"
"2021/07/01 12:35:45 PM GMT+5:30","Ceylinco General Insurance Limited","Between 5 - 10 Years","Van","Isuzu","Fargo"," it's a comprehensive plan which has the personal accident cover as well","4"
"2021/07/01 12:36:57 PM GMT+5:30","Janashakthi Insurance PLC","Between 1 -5 Years","Car","Honda","City","
they do have roadside assistance, 24 hours service, break down service. When my car met with the accident I got the cash garages, I left the car in the Honda service center within a week time I got my car back.","4"
"2021/07/01 12:47:07 PM GMT+5:30","Fairfirst Insurance Limited","Between 5 - 10 Years","Lorry","Nissan","Atlas","
Not at all satisfactory","2"
"2021/07/01 12:48:18 PM GMT+5:30","HNB Assurance PLC","Between 1 -5 Years","","Honda","Accroad","I had a very bad experience with HNB so am not interested to continue my car policy with them.","2"
"2021/07/01 12:49:11 PM GMT+5:30","Amana Takaful PLC","Between 1 -5 Years","Bus","Ashok-Leyland","Viking 2012","When I bought my car and got this policy. When I went with a claim for a minor accident, they have been saying only these things will be covered and some is not included.","2"
"2021/07/01 12:56:30 PM GMT+5:30","HNB Assurance PLC","Between 1 -5 Years","Car","Nissan","B 15","I got this policy when I bought my car. When I filed a claim for a minor accident, they told me that only these things would be covered and that others would not.","3"
"2021/07/01 1:03:47 PM GMT+5:30","Sri Lanka Insurance","Between 5 - 10 Years","Jeep/SUV","Land-Rover"," Defender 110 1994","Extremely satisfied","5"
"2021/07/01 1:07:41 PM GMT+5:30","Sri Lanka Insurance","More than 10 Years","Car","Toyota","121 G Limited","My car is covered by Sri Lanka insurance, with whom I am very pleased. I've been with this company for ten years, and all of my vehicles are covered by them.","5"
"2021/07/01 1:10:18 PM GMT+5:30","Ceylinco General Insurance Limited","Between 1 -5 Years","Car","Toyota"," Axio 2014","premium is affordable. The claim process was done properly and the services are great.","4"
"2021/07/01 1:11:41 PM GMT+5:30","HNB Assurance PLC","Between 1 -5 Years","Car","Toyota","Premio G Superior 2011 ","
I got my insurance with HNB Assurance and the company provided me a car and they are taking care of my policy.","5"
"2021/07/01 1:12:25 PM GMT+5:30","Allianz Insurance Lanka Ltd.","Between 1 -5 Years","Motor Bike","Honda","CBR 250"," I am not facing any problems and they have taken third-party insurance. 
","4"
"2021/07/01 1:13:43 PM GMT+5:30","Amana Takaful PLC","Between 1 -5 Years","Car","Tata","Indica","Hoping the premium is affordable and the benefits are good.","4"
"2021/07/01 1:14:32 PM GMT+5:30","Ceylinco General Insurance Limited","Between 1 -5 Years","Van","Mitsubishi","L300","The premium is low than other insurance companies. and its first-party insurance with full coverage. 
","4"
"2021/07/01 1:16:21 PM GMT+5:30","Fairfirst Insurance Limited","Between 1 -5 Years","Car","Toyota","Prius 2012 ","They are doing good service and even done a claim. I got 80% on the reimbursement.","4"
"2021/07/01 1:17:58 PM GMT+5:30","Allianz Insurance Lanka Ltd.","Between 1 -5 Years","Car","Suzuki","Estilo ZEN 2012","I did my car insurance with Allianz because they have approached me and quoted the insurance price. ","4"
"2021/07/01 1:19:07 PM GMT+5:30","Janashakthi Insurance PLC","Between 1 -5 Years","Van","Toyota","KDH 200","They were very transparent on things. The services are very quick and prompt.","4"
"2021/07/01 1:20:14 PM GMT+5:30","Allianz Insurance Lanka Ltd.","Less than 1 Year","Car","Maruti Suzuki","Alto 800"," The policy coverage is one year. I took it first-party insurance for Maruti Alto car.","4"
"2021/07/01 1:21:07 PM GMT+5:30","Ceylinco General Insurance Limited","Less than 1 Year","Car","Nissan","Pulsar","It works as first party insurance for the first year and the remaining years as third party insurance. The insurance paper was sent through the postal.","4"
"2021/07/01 1:22:55 PM GMT+5:30","Sri Lanka Insurance","Between 1 -5 Years","Van","Suzuki","Every 2014 ","My car is insured with Sri Lanka insurance because its premium is good when compared to the private insurer. I have taken first-party insurance. ","4"
"2021/07/01 1:26:18 PM GMT+5:30","Orient insurance ","Between 1 -5 Years","Car","Toyota","VITZ KSP90 2005 ","My car insurance policy was taken from Oriental because this policy was suggested by my agent. This is a First party cover policy. Since my car is new, for the first year, they are giving a zero depreciation.","3"
"2021/07/01 1:28:10 PM GMT+5:30","HNB Assurance PLC","Between 1 -5 Years","Van","Nissan","Caravan","From HNB assurance company hence for 4 years, I have been renewing the policy. I had a claim experience and it is excellent. ","4"
"2021/07/01 1:29:29 PM GMT+5:30","Sri Lanka Insurance","Between 5 - 10 Years","Van","Toyota","Hiace Shell 1986","They have processed the claim as soon as possible and it was a cashless claim facility that covers 80%.","4"
"2021/07/01 1:30:21 PM GMT+5:30","Allianz Insurance Lanka Ltd.","Between 1 -5 Years","Motor Bike","Bajaj","CT 100"," I took third-party insurance but there is no experience.","3"
"2021/07/01 1:31:40 PM GMT+5:30","Fairfirst Insurance Limited","Between 5 - 10 Years","Van","Nissan","Vanette 1993 ","I believe they are providing no claim bonus whenever I go for the renewal I could see there. But I don't find any difference in the premium. I am expecting some more low premiums.","3"
"2021/07/01 1:33:33 PM GMT+5:30","Allianz Insurance Lanka Ltd.","Less than 1 Year","Car","Hyundai"," i10","There is no claim experience so far for my car insurance. I have Hyundai I 10 card they do provide roadside assistance, 24 hours service, and no claim benefits.","4"
"2021/07/01 1:34:59 PM GMT+5:30","HNB Assurance PLC","Between 1 -5 Years","Lorry","Nissan","ATLAS 2013","My agent suggested HNB assurance for my car insurance because of the benefits and lesser premium. ","4"
"2021/07/01 1:36:55 PM GMT+5:30","Ceylinco General Insurance Limited","Between 1 -5 Years","Car","Peugeot"," 406 GLX 2001 ","I faced a claim with my car policy, when I met with an accident the front bumper got damaged at the time I got the cashless granges I left the car in an authorized showroom.","4"
"2021/07/01 1:38:11 PM GMT+5:30","Cooperative Insurance Company Ltd.","Between 1 -5 Years","Car","Nissan","FB14 1997 ","I faced a minor accident the backside of the vehicle got damaged,  I got the cash fewer garages within three days they sort out the issue as well.","4"
"2021/07/01 1:39:20 PM GMT+5:30","Sri Lanka Insurance","More than 10 Years","Car","Toyota","Corolla 121","I have chosen Sri Lanka insurance for my car. It's a 10-year-old car and the coverage value is less.","4"
"2021/07/01 1:40:08 PM GMT+5:30","Allianz Insurance Lanka Ltd.","Less than 1 Year","Motor Bike","Bajaj","Pulsar 125","Not recommendable","2"
"2021/07/01 1:41:25 PM GMT+5:30","AIA Insurance Lanka Ltd.","Less than 1 Year","Car","Nissan","Navara","Taken my insurance policy from AIA. I have bought the policy online. It took more than 20 days to received the documents.","4"
"2021/07/01 1:44:44 PM GMT+5:30","Amana Takaful PLC","Between 1 -5 Years","Bus","Tata","1613","There was an issue with entering the car insurance but now everything is fine. I have contacted customer care and the service is very bad.","3"
"2021/07/01 5:23:58 PM GMT+5:30","Ceylinco General Insurance Limited","Between 5 - 10 Years","Lorry","Toyota","Dyna 1999","Before two years my car met with an accident right side of the mirror got fully damage, at the time I got the cashless garages they got tied up lots of service centers. ","3"
"2021/07/01 5:29:25 PM GMT+5:30","AIA Insurance Lanka Ltd.","Between 1 -5 Years","Car","Honda","Grace ","
Previously we have to go to the branch to renew the policy. Nowadays I can do it myself online which is good for me.
","4"
"2021/07/01 6:25:16 PM GMT+5:30","HNB Assurance PLC","More than 10 Years","Car","Toyota","Corolla 121","I have chosen my insurance through HNB assurance and the first insurance was through dealer and they have suggested HNB assurance hence I'm continuing with them.","4"
"2021/07/01 6:32:29 PM GMT+5:30","Janashakthi Insurance PLC","Less than 1 Year","Van","Mazda","Bongo","They have given me good coverage and I have not applied for any claim so far.
","4"
"2021/07/01 6:33:09 PM GMT+5:30","Sri Lanka Insurance","Between 5 - 10 Years","Lorry","Mitsubishi","Canter Dump truck","
Quick claim processing","4"
"2021/07/01 6:51:15 PM GMT+5:30","Ceylinco General Insurance Limited","More than 10 Years","Lorry","Isuzu","Elf 250"," I have done a claim 4 times and the claim experience is good because providing the claim is fast.","4"
"2021/07/01 6:52:37 PM GMT+5:30","Sri Lanka Insurance","Between 1 -5 Years","Car","Toyota","Premio G Superior"," I'm satisfied with the coverage and the premium amount is a bit more. They do have a no claim bonus, roadside assistance, cashless garage facility.","4"
"2021/07/01 6:56:13 PM GMT+5:30","AIA Insurance Lanka Ltd.","Between 1 -5 Years","Car","BMW","520i","The renewal process is very easy I haven't faced any issues. They are sending the regular updates anyway my spouse is taking care of my policy.","4"
"2021/07/01 7:00:01 PM GMT+5:30","Sri Lanka Insurance","Between 1 -5 Years","Lorry","Mitsubishi","Canter Dump truck"," They give 24 hours of service, roadside assistance, cashless garages.","4"
"2021/07/01 7:06:06 PM GMT+5:30","Cooperative Insurance Company Ltd.","Between 1 -5 Years","Car","Audi","A1","I have insurance with Allianz and my wife is working as an agent. The premium is affordable and the claim process is easy. ","4"
"2021/07/01 7:10:59 PM GMT+5:30","Sri Lanka Insurance","More than 10 Years","Car","Toyota","camry 2006","They are providing a faster response than any other insurance provider. I have been with Sri Lanka insurance for the past 12 years.","5"
"2021/07/01 7:24:03 PM GMT+5:30","HNB Assurance PLC","Between 1 -5 Years","Car","Toyota"," Aqua G Grade 2012","I bought HNB assurance and the insurance is easy in the customer pocket itself and customer friendly.","4"
"2021/07/01 7:26:10 PM GMT+5:30","Orient Insurance","Between 1 -5 Years","Car","Maruti Suzuki","Alto 800","I have insurance with Orient which was offered by the dealer, I think the benefits are better. I have not contacted customer service. ","4"
"2021/07/01 8:37:31 PM GMT+5:30","AIA Insurance Lanka Ltd.","Between 1 -5 Years","","Suzuki","Swift","They have provided me insurance paper on time. Once I had a claim and it was a good experience.","4"
"2021/07/01 8:40:49 PM GMT+5:30","Orient insurance","More than 10 Years","Car","Suzuki","Alto Japan","My car policy belongs to Orient insurance, my friend is working there. Once I claimed it went well, there was a small accident, hence the car front bumper and side glass got broken. First I paid the money and I got a reimbursement of 80% from the insurance company.","4"
"2021/07/01 8:45:25 PM GMT+5:30","Sri Lanka Insurance","Between 1 -5 Years","Car","Toyota","VITZ KSP90","Around 2 years back, I bought car insurance from Sri Lanka Insurance people have recommended this policy and their service has been better.","4"
"2021/07/01 8:47:21 PM GMT+5:30","Sri Lanka Insurance","More than 10 Years","Cab","Mitsubishi","L200","I bought car insurance from Sri Lanka Insurance about 10 years ago because they recommended it and their service was better.","4"
"2021/07/01 9:11:45 PM GMT+5:30","Allianz Insurance Lanka Ltd.","Between 1 -5 Years","Car","Suzuki","Wagon R FZ 2014","I have Car Insurance with Allianz and got it through a known person from this company. It's been 2 to 3 years and there was no claim experience. ","3"
"2021/07/01 9:17:33 PM GMT+5:30","Janashakthi Insurance PLC","Between 1 -5 Years","Cab","Tata","XENON","The customer response is very good.","4"
"2021/07/01 11:02:26 PM GMT+5:30","Janashakthi Insurance PLC","Between 5 - 10 Years","Car","Toyota","IST 2002","I got one claim and it was good.","4"
"2021/07/01 11:03:45 PM GMT+5:30","rient Insurance","Between 1 -5 Years","","Maruti Suzuki","Alto 800","I have Orient Insurance car insurance, which was provided by the dealer when I bought the car.","4"
"2021/07/01 11:04:56 PM GMT+5:30","Sri Lanka Insurance","Between 1 -5 Years","Jeep/SUV","Mitsubishi","Montero 2015"," I have not approached them for any claim.","3"
"2021/07/01 11:07:38 PM GMT+5:30","Janashakthi Insurance PLC","Between 1 -5 Years","Car","Toyota","Allion 240 2003","I purchased a comprehensive plan for my car, and they offer 24-hour service for any claims.","4"
"2021/07/01 11:09:16 PM GMT+5:30","HNB Assurance PLC","Between 1 -5 Years","Car","Nissan","Leaf X Grade","I made a claim. On a highway, I sped up the car. I finally received reimbursement when the car's front part was damaged. They do not provide roadside assistance or service 24 hours a day.","4"
"2021/07/01 11:13:26 PM GMT+5:30","Sri Lanka Insurance","Between 1 -5 Years","Car","Toyota","CE110 1999","Till now I have not faced any issue with my car insurance.  one time I made a claim and my experience was good. and they processed on time.","4"
"2021/07/01 11:15:09 PM GMT+5:30","Allianz Insurance Lanka Ltd.","Between 1 -5 Years","Motor Bike","Bajaj","Pulsar 150","When I go for the claim, they will send the bike to the garages and they will come and verify and processed the claim in 3 hours.","4"
"2021/07/01 11:19:18 PM GMT+5:30","Orient Insurance","Less than 1 Year","Three Wheel","Bajaj","RE 4 Stroke","I had a claim experience with Orient Insurance where the claim settlement was delayed for more days also I am not satisfied with the claim","4"
"2021/07/01 11:22:47 PM GMT+5:30","Cooperative Insurance Company Ltd.","Between 1 -5 Years","Lorry","Nissan","Atlas","The customer support is not good and not supported","3"
"2021/07/01 11:23:46 PM GMT+5:30","Allianz Insurance Lanka Ltd.","Between 1 -5 Years","","Bajaj","2 Stroke","I got the car insurance through dealer with Allianz. The claim process was good and they do settlements directly with the dealer. ","4"
"2021/07/01 11:25:11 PM GMT+5:30","Sri Lanka Insurance","Between 1 -5 Years","Jeep/SUV","Honda","vezel","Last year I met with an accident, they have done it very well. My car front bumper and radiator were damaged, I got the cashless garages the just taken one week of time to reflect the issue","5"
"2021/07/01 11:26:38 PM GMT+5:30","Cooperative Insurance Company Ltd.","Between 1 -5 Years","Cab","Nissan","Navara","It was a first party insurance and had Nissan. I was associated with this insurer for only 3 to 4 months.","3"
"2021/07/01 11:29:48 PM GMT+5:30","Janashakthi Insurance PLC","Less than 1 Year","","Yamaha","R1","I do not have any claim experience so far from the purchasing date.","4"
"2021/07/01 11:31:17 PM GMT+5:30","Sri Lanka Insurance","Between 5 - 10 Years","Car","Toyota","Corolla 121","Taken my car insurance from Sri Lanka Insurance. My dealer has given the policy to them and I'm continuing with the same company.","4"
"2021/07/01 11:33:32 PM GMT+5:30","HNB Assurance PLC","Between 1 -5 Years","Lorry","Tata","LPK 1615","Not any particular reason for choosing the company. I have a claim experience.","4"
"2021/07/01 11:36:09 PM GMT+5:30","HNB Assurance PLC","Between 1 -5 Years","Car","Mitsubishi","Lancer CK2","I had a claim experience with the car insurance policy holding with the HNB assurance where the claim I got was 80%.","4"