Date,UserId,Motor_Insurance,Years_of_experience,Vehicle_Type,Vehicle_Make,Vehicle_Model,Insurance_experience,Rate,Vehicle
2021/06/05 ,2,SRI LANKA INSURANCE,Between 1 -5 Years,LORRY,ASHOK-LEYLAND,CARGO 1618,GOOD FULL INSURANCE FOR HEAVY VEHICLES,4,ASHOK-LEYLAND CARGO 1618
2021/06/05 ,3,COOPERATIVE INSURANCE COMPANY LTD.,Between 1 - 3 Years,BIKE,HERO ,HUNK,CURRENTLY IM SATISFIED WITH THE SERVICE ,4,HERO  HUNK
2021/06/05 ,3,COOPERATIVE INSURANCE COMPANY LTD.,Between 5 - 10 Years,THREE WHEEL,BAJAJ,4 STROKE,CURRENTLY IM SATISFIED WITH THE SERVICE ,3,BAJAJ 4 STROKE
2021/06/05 ,4,FAIRFIRST INSURANCE LIMITED,Less than 1 Year,CAR,TOYOTA,COROLLA 121,PROVIDE GOOD SERVICE FOR THE CUSTOMER,4,TOYOTA COROLLA 121
2021/06/05 ,5,CEYLINCO GENERAL INSURANCE LIMITED,Between 5 - 10 Years,CAR,TOYOTA,VITZ,EXCELLENT SERVICE ,5,TOYOTA VITZ
2021/06/05 ,6,AIA INSURANCE LANKA LTD.,Less than 1 Year,CAR,TOYOTA,YARIS,GOOD,4,TOYOTA YARIS
2021/06/05 ,7,SRI LANKA INSURANCE,Between 5 - 10 Years,CAR,SUZUKI,ALTO,GOOD,5,SUZUKI ALTO
2021/06/05 ,7,SRI LANKA INSURANCE,Less than 1 Year,BIKE,HONDA,CD125,GOOD,5,HONDA CD125
2021/06/05 ,8,JANASHAKTHI INSURANCE PLC,More than 10 Years,CAR,SUZUKI,SUZUKI ALTO,RELIABLE AND VERY ACCURATE INSURANCE ,5,SUZUKI SUZUKI ALTO
2021/06/05 ,9,COOPERATIVE INSURANCE COMPANY LTD.,Between 1 -5 Years,CAR,GEELY,PANDA CROSS,GOOD,4,GEELY PANDA CROSS
2021/06/05 ,10,COOPERATIVE INSURANCE COMPANY LTD.,Between 1 -5 Years,MOTOR BIKE,HERO ,PLEASURE,"STILL I DIDN'T USED, I THINK IT'S GOOD SO, I GIVE 5 STARS",5,HERO  PLEASURE
2021/06/05 ,11,CEYLINCO GENERAL INSURANCE LIMITED,Less than 1 Year,VAN,TOYOTA,KDH,GOOD ,5,TOYOTA KDH
2021/06/05 ,11,CEYLINCO GENERAL INSURANCE LIMITED,Less than 1 Year,BIKE,HERO ,PLEASURE,GOOD ,5,HERO  PLEASURE
2021/06/05 ,12,SRI LANKA INSURANCE,More than 10 Years,CAR,TOYOTA,AQUA,"IN OUR COUNTRY, FULL INSURANCE IS GOOD TILL THE FIRST CLAIM. BUT AFTER THAT, IT'S SOME KIND OF A JOKE. ÐŸ‘Ž",3,TOYOTA AQUA
2021/06/05 ,13,JANASHAKTHI INSURANCE PLC,Between 1 -5 Years,MOTOR BIKE,BAJAJ,PULSAR 125,VERY GOOD,5,BAJAJ PULSAR 125
2021/06/05 ,14,SRI LANKA INSURANCE,Between 1 -5 Years,CAR,TOYOTA,AXIO ,NOT EASY TO GET CLAIM ITÂ€™S LONG PROCEDURE ,3,TOYOTA AXIO 
2021/06/05 ,15,CEYLINCO GENERAL INSURANCE LIMITED,Between 1 - 3 Years,THREE WHEEL,BAJAJ,4 STROKE,GOOD,3,BAJAJ 4 STROKE
2021/06/05 ,15,CEYLINCO GENERAL INSURANCE LIMITED,Less than 1 Year,VAN,TOYOTA,KDH,GOOD ,5,TOYOTA KDH
2021/06/05 ,16,ALLIANZ INSURANCE LANKA LTD.,Between 1 -5 Years,CAR,TOYOTA,TOYOTA PREMIO 2017,ITÂ€™S A GOOD INSURANCE WHICH I RECOMMEND ,4,TOYOTA TOYOTA PREMIO 2017
2021/06/05 ,17,AIA INSURANCE LANKA LTD.,Less than 1 Year,CAR,SUZUKI,SWIFT ,EAST ,5,SUZUKI SWIFT 
2021/06/05 ,18,PEOPLE'S INSURANCE ,Between 1 -5 Years,CAR,NISSAN,NISSAN AD WAGON,GOOD SERCICE,4,NISSAN NISSAN AD WAGON
2021/06/05 ,18,SRI LANKA INSURANCE,Less than 1 Year,BIKE,HONDA,CB400,GOOD,3,HONDA CB400
2021/06/05 ,18,SRI LANKA INSURANCE,Less than 3 Years,BIKE,HONDA,CB401,MY CLAIM SETTLEMENT WAS SUPER EASY,4,HONDA CB401
2021/06/05 ,19,AMANA TAKAFUL PLC,Between 1 -5 Years,LORRY,ISUZU,ELF 350,"SUCH A MONEY-MAKING COMPANY, THIRD CLASS SERVICE , I GAVE MY CAR TO INSURANCE TO GET IT CLAIMED BUT I AM WAITING FROM PAST 1 MONTH , I DIDN'T GET THE APPROVAL . I HAVE NEVER CAME ACROSS SUCH A BAD COMPANY AND BAD CUSTOMER SERVICE AND STILL I AM STRUGGLING WITH THESE PEOPLE . SHAMELESS COMPANY .",1,ISUZU ELF 350
2021/06/05 ,20,FAIRFIRST INSURANCE LIMITED,Less than 1 Year,CAR,HYUNDAI,EON 2014,"GOT MY CAR DAMAGED BY ACCIDENT. THE DAMAGE HAPPENED IN TWO PLACES ON THE SAME SIDE(BUMPER & FRONT DOOR), YET THE SURVEY AGENT REFUSED TO ACCEPT THAT AND DENIED A CLAIM FOR ONE OF THE DAMAGES. CALLED ME A LIAR ON THE PHONE AS WELL. HORRIBLE SERVICE! NEVER BUYING INSURANCE FROM THIS COMPANY AGAIN",1,HYUNDAI EON 2014
2021/06/05 ,20,CEYLINCO GENERAL INSURANCE LIMITED,Between 1 - 3 Years,CAR,HYUNDAI,EON 2014,NOT GOOD.,2,HYUNDAI EON 2014
2021/06/05 ,20,FAIRFIRST INSURANCE LIMITED,Between 1 - 5 Years,CAR,HYUNDAI,EON 2015,GOOD SERVICE,3,HYUNDAI EON 2015
2021/06/05 ,20,FAIRFIRST INSURANCE LIMITED,Less than 2 Years,BIKE,HERO,PLEASURE,MY CLAIM SETTLEMENT WAS SUPER EASY,4,HERO PLEASURE
2021/06/05 ,21,SRI LANKA INSURANCE,Between 1 -5 Years,CAR,HYUNDAI,EON,CLAIMS CAN BE GET IMMEDIATELY WITHOUT WASTED OUR TIME,4,HYUNDAI EON
2021/06/05 ,22,LOLC,Between 1 -5 Years,CAR,SUZUKI,WAGON R FZ,HAPPY ,5,SUZUKI WAGON R FZ
2021/06/05 ,23,CONTINENTAL INSURANCE,Between 1 -5 Years,CAR,HONDA,GRACE ,REALLY HAPPY ABOUT THEIR SERVICE,5,HONDA GRACE 
2021/06/05 ,23,CONTINENTAL INSURANCE,Less than 1 Year,CAR,HONDA,GRACE ,GOOD SERVICE,4,HONDA GRACE 
2021/06/05 ,23,CONTINENTAL INSURANCE,Between 1 - 3 Years,CAR,HONDA,GRACE ,MY CLAIM SETTLEMENT WAS SUPER EASY,5,HONDA GRACE 
2021/06/05 ,24,JANASHAKTHI INSURANCE PLC,Less than 1 Year,CAR,TOYOTA,GP5,GOOD,4,TOYOTA GP5
2021/06/05 ,25,CEYLINCO GENERAL INSURANCE LIMITED,Between 1 -5 Years,CAR,TOYOTA,GP5,SATISFIED ,4,TOYOTA GP5
2021/06/05 ,26,SRI LANKA INSURANCE,Between 1 -5 Years,CAR,TOYOTA,COROLLA 121,GREAT,4,TOYOTA COROLLA 121
2021/06/05 ,27,SRI LANKA INSURANCE,Between 5 - 10 Years,LORRY,HONDA,ACCORD, I HAVE DONE THE CLAIM TWICE SO FAR. MY CLAIM EXPERIENCE IS REALLY GOOD BECAUSE THEY HAVE DONE A CASHLESS CLAIM UP TO 90%.,4,HONDA ACCORD
2021/06/05 ,28,CEYLINCO GENERAL INSURANCE LIMITED,Less than 1 Year,VAN,NISSAN,VANETTE,"I DON'T HAVE ANY CLAIM EXPERIENCE, THEY HAVE NOT PROVIDED ME ANY NO-CLAIM ",3,NISSAN VANETTE
2021/06/05 ,29,SRI LANKA INSURANCE,Between 5 - 10 Years,CAR,TOYOTA,AE 100,POLICY EVEN IF THE CAR IS 7 YEARS OLD AND THIS IS THE ONLY COMPANY THAT PROVIDES THIS FACILITY. TO APPLY THE CLAIM IS VERY EASY IN A SINGLE CALL. THEY HAVE PROVIDED ME 100% CLAIM.,5,TOYOTA AE 100
2021/06/05 ,30,ALLIANZ INSURANCE LANKA LTD.,Less than 1 Year,THREE WHEEL,BAJAJ,4 STROKE,GOOD POLICY,4,BAJAJ 4 STROKE
2021/06/05 ,30,CEYLINCO GENERAL INSURANCE LIMITED,Between 1 -5 Years,THREE WHEEL,BAJAJ,4 STROKE,"THE TEAM AT POLICYBAZAAR IS VERY COOPERATIVE, THEY LISTEN TO YOUR DOUBTS PATIENTLY AND SUGGEST THE RIGHT PLAN FOR YOUR CAR",5,BAJAJ 4 STROKE
2021/06/05 ,31,HNB ASSURANCE PLC,Between 1 -5 Years,JEEP/SUV,ISUZU, TROOPER, TROOPER,3,ISUZU  TROOPER
2021/06/05 ,32,CEYLINCO GENERAL INSURANCE LIMITED,Less than 1 Year,CAR,SUZUKI,B 15,GOOD POLICY. I USED TO RENEW THE POLICY IN THEIR BRANCH OFFICE AND THE RESPONSE WAS GOOD. ,4,SUZUKI B 15
2021/06/05 ,33,AMANA TAKAFUL PLC,Between 1 -5 Years,THREE WHEEL,BAJAJ,RE 4 STROKE,"WORST EXPERIENCE, THE CUSTOMER CARE DOESN'T KNOW ABOUT THE PRODUCT AND DON'T KNOW THE PROCESS. TRIES TO PROFIT THE SERVICE CENTER BY CHANGING UNWANTED ITEMS AND FORCING THE CUSTOMER TO PAY MORE THAN THE INSURANCE AMOUNT",2,BAJAJ RE 4 STROKE
2021/06/05 ,33,ALLIANZ INSURANCE LANKA LTD.,Less than 1 Year,THREE WHEEL,BAJAJ,RE 4 STROKE,GOOD,3,BAJAJ RE 4 STROKE
2021/06/05 ,33,CEYLINCO GENERAL INSURANCE LIMITED,Less than 2 Years,THREE WHEEL,BAJAJ,RE 4 STROKE,THE CUSTOMER SUPPORT OF POLICYBAZAAR IS REALLY HELPFUL AND COOPERATIVE. I HAD A LOT OF QUESTIONS RELATED TO CAR INSURANCE AND THE TEAM ANSWERED ALL OF IT. LOVE WHEN COMPANY TAKES PRIDE IN THEIR CUSTOMERS.,5,BAJAJ RE 4 STROKE
2021/06/05 ,34,SRI LANKA INSURANCE,Between 1 -5 Years,CAR,NISSAN,FB 15,EXCELLENT POLICY,5,NISSAN FB 15
2021/06/05 ,35,CEYLINCO GENERAL INSURANCE LIMITED,Between 1 -5 Years,VAN,TOYOTA,KDH,SATISFIED. GOOD POLICY. THEIR CLAIM RATIO IS REALLY GOOD.,4,TOYOTA KDH
2021/06/05 ,36,ORIENT INSURANCE,Between 1 -5 Years,CAR,MARUTI SUZUKI,ALTO 800,GOOD POLICY. I HAVE SELECTED MY CAR INSURANCE BECAUSE IT'S COLLABORATED WITH SUZUKI SHOWROOM HENCE IT'S EASY TO CLAIM THE INSURANCE. MY CLAIM EXPERIENCE IS GOOD.,5,MARUTI SUZUKI ALTO 800
2021/06/05 ,37,SRI LANKA INSURANCE,More than 10 Years,CAR,MITSUBISHI,LANCER BOX,THIS IS A GOOD POLICY. I USED TO RENEW MY POLICY AT THEIR BRANCH OFFICE AND HAD A GOOD EXPERIENCE.,5,MITSUBISHI LANCER BOX
2021/06/05 ,37,SRI LANKA INSURANCE,Less than 1 Year,BIKE,HERO ,HUNK,THIS IS A GOOD POLICY. I USED TO RENEW MY POLICY AT THEIR BRANCH OFFICE AND HAD A GOOD EXPERIENCE.,4,HERO  HUNK
2021/06/05 ,38,FAIRFIRST INSURANCE LIMITED,Less than 1 Year,VAN,MITSUBISHI,L300,WORST EXPERIENCE; CUSTOMER SERVICE IS CLUELESS ABOUT THE PRODUCT AND THE PROCESS. ATTEMPTS TO MAKE MONEY FOR THE SERVICE CENTER BY REPLACING UNWANTED ITEMS AND FORCING THE CUSTOMER TO PAY MORE THAN THE INSURANCE DEDUCTIBLE.,1,MITSUBISHI L300
2021/06/05 ,38,HNB ASSURANCE PLC,Less than 1 Year,VAN,MITSUBISHI,L300,STILL DID NOT SATISFIED WITH THIS INSURANCE,2,MITSUBISHI L300
2021/06/05 ,38,HNB ASSURANCE PLC,Less than 1 Year,VAN,MITSUBISHI,L301,GOOD SERVICE,3,MITSUBISHI L301
2021/06/05 ,38,CEYLINCO GENERAL INSURANCE LIMITED,Less than 1 Year,VAN,MITSUBISHI,L302,VERY FAST SERVICE,4,MITSUBISHI L302
2021/06/05 ,39,ASSETLINE INSURANCE,Between 1 -5 Years,THREE WHEEL,BAJAJ,RE 4 STROKE,"THIS IS A GOOD POLICY. I CHOSE MY INSURANCE BECAUSE IT IS AFFILIATED WITH THE DAVID PIERIS SHOWROOM, MAKING IT SIMPLE TO FILE A CLAIM. MY CLAIM EXPERIENCE HAS BEEN POSITIVE.",5,BAJAJ RE 4 STROKE
2021/06/05 ,40,AIA INSURANCE LANKA LTD.,Between 1 -5 Years,CAR,NISSAN,BLUEBIRD,GOOD. MY CAR INSURANCE WAS TAKEN FROM AIA BECAUSE I AM HOLDING THE POLICY WITH THE SAME COMPANY FOR ALMOST SEVEN MONTHS AND I HAVE NOT DONE ANY CLAIM SO FAR. ,4,NISSAN BLUEBIRD
2021/06/05 ,41,JANASHAKTHI INSURANCE PLC,Less than 1 Year,LORRY,ISUZU,ELF 150,MY INSURANCE WAS PURCHASED FROM JANASHAKTHI INSURANCE BECAUSE I HAVE BEEN WITH THE SAME COMPANY FOR ALMOST SEVEN MONTHS AND HAVE YET TO FILE A CLAIM.,4,ISUZU ELF 150
2021/06/05 ,42,SRI LANKA INSURANCE,Between 5 - 10 Years,JEEP/SUV,NISSAN,PETROL 2004,GOOD SERVICE. THE AGENT WHO WORKS WITH US AS A COLLEAGUE PROVIDED ME THIS POLICY. I'M GETTING A NO-CLAIM BONUS AND ROADSIDE ASSISTANCE AS WELL.,5,NISSAN PETROL 2004
2021/06/05 ,43,CEYLINCO GENERAL INSURANCE LIMITED,Between 1 -5 Years,JEEP/SUV,TOYOTA,CAMRY,EXCELLENT CUSTOMER SERVICE. THIS POLICY WAS PROVIDED TO ME BY A COLLEAGUE WHO WORKS WITH US. I'LL GET A NO-CLAIM BONUS AS WELL AS ROADSIDE ASSISTANCE.,4,TOYOTA CAMRY
2021/06/05 ,44,SRI LANKA INSURANCE,Between 5 - 10 Years,LORRY,TATA,LPK 2518,I HAVE DONE THE CLAIM TWICE SO FAR. MY CLAIM EXPERIENCE IS REALLY GOOD BECAUSE THEY HAVE DONE A CASHLESS CLAIM UP TO 90%. ,5,TATA LPK 2518
2021/06/05 ,45,ALLIANZ INSURANCE LANKA LTD.,Less than 1 Year,BUS,ASHOK-LEYLAND,VIKING, GOOD INSURANCE,3,ASHOK-LEYLAND VIKING
2021/06/05 ,45,CEYLINCO GENERAL INSURANCE LIMITED,Between 1 - 3 Years,BUS,ASHOK-LEYLAND,VIKING,NOT SATISFIED,2,ASHOK-LEYLAND VIKING
2021/06/05 ,45,JANASHAKTHI INSURANCE PLC,Less than 1 Year,BUS,ASHOK-LEYLAND,VIKING,VERY FAST SERVICE AND GOT CLAIM WITHOUT ANY PROBLEM,4,ASHOK-LEYLAND VIKING
2021/06/05 ,46,AMANA TAKAFUL PLC,Less than 1 Year,VAN,ISUZU,FARGO,PREMIUM IS LESS WHEN I COMPARED TO ANOTHER INSURANCE PROVIDER.,3,ISUZU FARGO
2021/06/05 ,47,COOPERATIVE INSURANCE COMPANY LTD.,Between 1 -5 Years,LORRY,JAC,12 FEET HALF BODY,GOOD POLICY,4,JAC 12 FEET HALF BODY
2021/06/05 ,47,COOPERATIVE INSURANCE COMPANY LTD.,Less than 1 Year,BIKE,HONDA,HORNET,GOOD POLICY. FAST CLAIMING,5,HONDA HORNET
2021/06/05 ,47,COOPERATIVE INSURANCE COMPANY LTD.,More than 10 Years,BUS,ASHOK-LEYLAND,VIKING,GOOD POLICY,4,ASHOK-LEYLAND VIKING
2021/06/05 ,48,CEYLINCO GENERAL INSURANCE LIMITED,Less than 1 Year,CAR,GEELY,PANDA,THIS IS THIRD-PARTY INSURANCE. MY FRIEND IS WORKING AS AN AGENT AND HE WILL RENEW THE POLICY. I HAVE NOT APPROACHED THEM FOR ANY KIND OF CLAIM. ,3,GEELY PANDA
2021/06/05 ,49,SRI LANKA INSURANCE,Between 5 - 10 Years,CAR,TOYOTA,PREMIO,ONE OF THE BEST POLICY,5,TOYOTA PREMIO
2021/06/05 ,50,FAIRFIRST INSURANCE LIMITED,Between 1 -5 Years,THREE WHEEL,BAJAJ,RE 4 STROKE,"FOR THE ECONOMICAL AND LOW PREMIUM PURPOSE, I HAVE CHOSEN THE THREE-WHEELER INSURANCE FROM FAIRFIRST INSURANCE.",4,BAJAJ RE 4 STROKE
2021/06/05 ,50,FAIRFIRST INSURANCE LIMITED,Less than 1 Year,CAR,TOYOTA,COROLLA 121,GOOD,4,TOYOTA COROLLA 121
2021/06/05 ,51,HNB ASSURANCE PLC,Less than 1 Year,CAR,TOYOTA,AE 90,GOOD POLICY,4,TOYOTA AE 90
2021/06/05 ,52,FAIRFIRST INSURANCE LIMITED,Between 1 -5 Years,THREE WHEEL,BAJAJ,2 STROKE,"FOR THE ECONOMICAL AND LOW PREMIUM PURPOSE, I HAVE CHOSEN THE THREE-WHEELER INSURANCE FROM FAIRFIRST INSURANCE.",4,BAJAJ 2 STROKE
2021/06/05 ,53,SRI LANKA INSURANCE,Less than 1 Year,CAR,NISSAN,MARCH,I HAVE NO CLAIM EXPERIENCE TILL NOW.,3,NISSAN MARCH
2021/06/05 ,53,SRI LANKA INSURANCE,Less than 1 Year,BIKE,YAMAHA,R1,I HAVE NO CLAIM EXPERIENCE TILL NOW.,3,YAMAHA R1
2021/06/05 ,53,SRI LANKA INSURANCE,Less than 3 Years,CAR,HONDA,FIT,VERY FAST SERVICE,4,HONDA FIT
2021/06/05 ,53,SRI LANKA INSURANCE,Less than 2 Years,THREE WHEEL,BAJAJ,4 STROKE,GOT QUICK SERVICE IN THIS PANDEMIC TIME,4,BAJAJ 4 STROKE
2021/06/05 ,54,COOPERATIVE INSURANCE COMPANY LTD.,Between 1 -5 Years,BUS,MITSUBISHI,ROSA,GOOD POLICY. SO I HAVE TAKEN MY INSURANCE FROM COOPERATIVE INSURANCE .THIS COMPANY BECAUSE THEY ARE PROVIDING ME A BUMPER-TO-BUMPER OFFER.,4,MITSUBISHI ROSA
2021/06/05 ,55,SRI LANKA INSURANCE,Between 5 - 10 Years,CAR,NISSAN,SUNNY," THE COMPREHENSIVE POLICY EVEN IF THE CAR IS 7 YEARS OLD AND THIS IS THE ONLY COMPANY THAT PROVIDES THIS FACILITY. 
",5,NISSAN SUNNY
2021/06/05 ,56,SRI LANKA INSURANCE,Between 1 -5 Years,CAR,TOYOTA,COROLLA 141,TO APPLY THE CLAIM IS VERY EASY IN A SINGLE CALL. THEY HAVE PROVIDED ME 100% CLAIM.,5,TOYOTA COROLLA 141
2021/06/05 ,56,SRI LANKA INSURANCE,Less than 1 Year,VAN,TOYOTA,HIACE,TO APPLY THE CLAIM IS VERY EASY IN A SINGLE CALL. THEY HAVE PROVIDED ME 100% CLAIM.,5,TOYOTA HIACE
2021/06/05 ,56,SRI LANKA INSURANCE,Between 1 - 3 Years,BIKE,BAJAJ,PULSAR 150,TO APPLY THE CLAIM IS VERY EASY IN A SINGLE CALL. THEY HAVE PROVIDED ME 100% CLAIM.,5,BAJAJ PULSAR 150
2021/06/05 ,57,CEYLINCO GENERAL INSURANCE LIMITED,Between 1 -5 Years,LORRY,ISUZU,ELF 250,SUPER FAST CLAIM SETTLEMENT. SETTLED WITHIN ONE HOUR,4,ISUZU ELF 250
2021/06/05 ,58,SRI LANKA INSURANCE,Between 5 - 10 Years,JEEP/SUV,MITSUBISHI,PAJERO 1988, I HAVE BEEN RENEWING THE POLICY WITH THE SAME COMPANY FOR THE LAST 5 YEARS.,5,MITSUBISHI PAJERO 1988
2021/06/05 ,59,AIA INSURANCE LANKA LTD.,Less than 1 Year,JEEP/SUV,MITSUBISHI,PAJERO 1988,NOT GOOD.,2,MITSUBISHI PAJERO 1988
2021/06/05 ,59,SRI LANKA INSURANCE,Between 1 -5 Years,CAR,BMW,320D,MY CLAIM EXPERIENCE IS VERY FAST AND THERE IS NO STRUGGLE IN GETTING THE CLAIM. THE PERSON WILL COME TO THE SPOT BY THE NEXT DAY ONCE WE APPLIED THE CLAIM. I GOT THE CLAIM UP TO 90%. I HAVE BEEN RECEIVING THE NO-CLAIM BONUS ALSO.,4,BMW 320D
2021/06/05 ,60,AMANA TAKAFUL PLC,Between 1 -5 Years,CAR,HYUNDAI,EON,MONEY WASTE POLICY I HAVE TAKEN MY CAR INSURANCE FROM AMANA TAKAFUL EARLIER BUT I'M NOT SATISFIED WITH THEIR SERVICES. ,1,HYUNDAI EON
2021/06/05 ,60,CEYLINCO GENERAL INSURANCE LIMITED,Between 1 - 3 Years,CAR,HYUNDAI,EON,TIME WASTING,2,HYUNDAI EON
2021/06/05 ,60,FAIRFIRST INSURANCE LIMITED,Less than 1 Year,CAR,HYUNDAI,EON,"IN TERMS OF CAR INSURANCE, I HAVE A NUMBER OF BENEFITS. LOVE THIS",5,HYUNDAI EON
2021/06/05 ,61,JANASHAKTHI INSURANCE PLC,Between 1 -5 Years,CAR,HONDA,CIVIC,"WHEN I APPLIED FOR MY CLAIM, THEY HAVE TAKEN MOST OF THE PART AND THEY DIDN'T PROVIDE THE CASHLESS CLAIM IN THEIR GARAGES.",3,HONDA CIVIC
2021/06/05 ,61,AIA INSURANCE LANKA LTD.,Less than 1 Year,CAR,HONDA,CIVIC,GOOD SERVICE,3,HONDA CIVIC
2021/06/05 ,62,AMANA TAKAFUL PLC,Between 1 -5 Years,VAN,TOYOTA,HIACE LONG SUPER GL ,"GOOD

 THE QUALITY OF SERVICE IS NOT THAT MUCH GOOD. ",3,TOYOTA HIACE LONG SUPER GL 
2021/06/05 ,63,FAIRFIRST INSURANCE LIMITED,Less than 1 Year,BUS,TOYOTA,COASTER ,NEED TO IMPROVE THE SERVICE,2,TOYOTA COASTER 
2021/06/05 ,63,CEYLINCO GENERAL INSURANCE LIMITED,Less than 1 Year,BUS,TOYOTA,COASTER ,"EVEN THOUGH THE POLICY IS SOLID, I HAVE NO EXPERIENCE WITH CLAIMS",3,TOYOTA COASTER 
2021/06/05 ,64,JANASHAKTHI INSURANCE PLC,Between 1 -5 Years,CAR,NISSAN,B11,THEY HAVE PROVIDED ME A BETTER OFFER WITH A BETTER QUOTATION INCLUDING THE BUMPER TO BUMPER OFFER SO THAT I TOOK THE SAME AND TILL NOW I NEVER SPOKE WITH THE CUSTOMER CARE ALSO.,3,NISSAN B11
2021/06/05 ,65,CEYLINCO GENERAL INSURANCE LIMITED,Less than 1 Year,VAN,TOYOTA,CR 42,NOT SATISFIED,2,TOYOTA CR 42
2021/06/05 ,65,HNB ASSURANCE PLC,Between 1 - 3 Years,VAN,TOYOTA,CR 42,GOOD,3,TOYOTA CR 42
2021/06/05 ,66,SRI LANKA INSURANCE,Between 5 - 10 Years,CAR,TOYOTA,ALLION 260," I HAVE NOT APPLIED FOR ANY CLAIM TILL NOW. FOR 7 YEARS, I HAVE BEEN RENEWING THE POLICY WITH THE SAME COMPANY. ",4,TOYOTA ALLION 260
2021/06/05 ,67,SRI LANKA INSURANCE,More than 10 Years,CAR,TOYOTA,COROLLA 110,"THERE IS NO CASHLESS CLAIM I HAD BECAUSE THERE IS A DELAY IN THAT AND IT TAKES ALMOST 1 WEEK. THEY ARE GIVING A CLAIM UP TO 70% SINCE MY VEHICLE IS AN OLD ONE.
",4,TOYOTA COROLLA 110
2021/06/05 ,68,AIA INSURANCE LANKA LTD.,Less than 1 Year,VAN,SUZUKI,EVERY FULL JOINT 2012,FAST CLAMING,3,SUZUKI EVERY FULL JOINT 2012
2021/06/05 ,68,CEYLINCO GENERAL INSURANCE LIMITED,Between 1 -5 Years,VAN,SUZUKI,EVERY FULL JOINT 2012,"I'M HAVING INSURANCE FROM CEYLINCO BUT THE BENEFITS ARE GOOD BUT STILL, I HAVEN'T CLAIMED ANYTHING ONCE I HAD EXPERIENCED THE CLAIM",3,SUZUKI EVERY FULL JOINT 2012
2021/06/05 ,69,SRI LANKA INSURANCE,Less than 1 Year,CAR,TOYOTA,PASSO,"I'M A NEW CUSTOMER, THE CUSTOMER CARE EXECUTIVE HAS CLEARLY EXPLAINED TO ME THE POLICY DETAILS.",4,TOYOTA PASSO
2021/06/05 ,70,AMANA TAKAFUL PLC,Less than 1 Year,LORRY,MITSUBISHI,CANTER,"SUCH A MONEY-MAKING COMPANY, THIRD CLASS SERVICE.",1,MITSUBISHI CANTER
2021/06/05 ,70,CEYLINCO GENERAL INSURANCE LIMITED,Between 1 - 3 Years,LORRY,MITSUBISHI,CANTER,"FOR NOW, IT IS GOOD. HAD NOT ANY CLAM YET",3,MITSUBISHI CANTER
2021/06/05 ,71,FAIRFIRST INSURANCE LIMITED,Between 1 -5 Years,CAR,TOYOTA,COROLLA KE 30,"I GAVE MY CAR TO INSURANCE TO GET IT CLAIMED BUT I AM WAITING FOR THE PAST 1 MONTH, I DIDN'T GET THE APPROVAL. I HAVE NEVER COME ACROSS SUCH A BAD COMPANY AND BAD CUSTOMER SERVICE AND STILL, I AM STRUGGLING WITH THESE PEOPLE. 
",1,TOYOTA COROLLA KE 30
2021/06/05 ,71,AIA INSURANCE LANKA LTD.,Less than 1 Year,CAR,TOYOTA,COROLLA KE 30,CUSTOMER SERVICE IS POOR,2,TOYOTA COROLLA KE 30
2021/06/05 ,71,SRI LANKA INSURANCE,Between 1 - 3 Years,CAR,TOYOTA,COROLLA KE 30,GOOD,3,TOYOTA COROLLA KE 30
2021/06/05 ,72,CEYLINCO GENERAL INSURANCE LIMITED,Between 1 -5 Years,CAR,NISSAN,SUNNY B12,CEYLINCO INSURANCE IS BEST WHEN IT COMES TO CLAIMS. HAS BEEN VERY EASY COMPARED TO OTHERS,4,NISSAN SUNNY B12
2021/06/05 ,73,AMANA TAKAFUL PLC,Between 1 -5 Years,,TOYOTA,AXIO X GRADE,UNACCEPTABLE. THE INSURANCE COMPANY IS NOT GENUINE AT ALL AS IT IS A PRIVATE COMPANY SO THEIR FOCUS IS JUST TO COLLECT THE PREMIUM FROM CLIENTS BUT AT THE TIME OF CLAIMS THEY RUN FROM THEIR RESPONSIBILITIES AND DENY THE CLAIMS FOR NO REASON. ,1,TOYOTA AXIO X GRADE
2021/06/05 ,74,FAIRFIRST INSURANCE LIMITED,Between 1 -5 Years,CAR,GEELY,PANDA CROSS,VERY BAD SERVICE,1,GEELY PANDA CROSS
2021/06/05 ,74,CEYLINCO GENERAL INSURANCE LIMITED,Less than 1 Year,CAR,GEELY,PANDA CROSS,CUSTOMER SERVICE IS POOR,2,GEELY PANDA CROSS
2021/06/05 ,74,AMANA TAKAFUL PLC,Less than 3 Years,CAR,GEELY,PANDA CROSS,CUSTOMER SERVICE IS POOR,2,GEELY PANDA CROSS
2021/06/05 ,75,ORIENT ,Between 1 -5 Years,LORRY,MITSUBISHI,CANTER,BETTER POLICY TAKEN MY CAR INSURANCE FROM ORIENT INSURANCE BECAUSE IT HAS BEEN OFFERED BY AMW SHOWROOM ITSELF.,5,MITSUBISHI CANTER
2021/06/05 ,75,ORIENT ,Less than 1 Year,CAR,TOYOTA,ALLION 240 2006,GOOD,4,TOYOTA ALLION 240 2006
2021/06/05 ,75,ORIENT ,Less than 3 Years,BIKE,YAMAHA,FZS,GOOD,4,YAMAHA FZS
2021/06/05 ,76,ALLIANZ INSURANCE LANKA LTD.,Between 1 -5 Years,CAR,SUBARU,STI GDB 2005,I HAVE INSURANCE FROM ALLIANZ. THEY ARE PROVIDING A GOOD NO CLAIM BONUS AND CUSTOMER SERVICE IS GOOD.,4,SUBARU STI GDB 2005
2021/06/05 ,76,ALLIANZ INSURANCE LANKA LTD.,Less than 1 Year,THREE WHEEL,BAJAJ,4 STROKE,THEY ARE PROVIDING A GOOD NO CLAIM BONUS AND CUSTOMER SERVICE IS GOOD.,4,BAJAJ 4 STROKE
2021/06/05 ,77,CEYLINCO GENERAL INSURANCE LIMITED,Between 5 - 10 Years,CAR,TOYOTA, CARINA T150 1986,I DON'T HAVE ANY CLAIM EXPERIENCE EVEN THE POLICY IS GOOD.,4,TOYOTA  CARINA T150 1986
2021/06/05 ,78,ALLIANZ INSURANCE LANKA LTD.,Between 1 -5 Years,CAR,NISSAN,SUNNY N17 2004,THERE IS NO PARTICULAR REASON FOR CHOOSING ALLIANZ.,3,NISSAN SUNNY N17 2004
2021/06/05 ,78,ALLIANZ INSURANCE LANKA LTD.,Between 1 -5 Years,BIKE,BAJAJ,PLATINA 125,THERE IS NO PARTICULAR REASON FOR CHOOSING ALLIANZ.,3,BAJAJ PLATINA 125
2021/06/05 ,79,HNB ASSURANCE PLC,Between 1 -5 Years,CAR,TOYOTA,VITZ SAFETY 2016,THERE ARE NO HASSLES TILL NOW.,3,TOYOTA VITZ SAFETY 2016
2021/06/05 ,79,CEYLINCO GENERAL INSURANCE LIMITED,Between 1 - 3 Years,CAR,TOYOTA,VITZ SAFETY 2017,GOOD,3,TOYOTA VITZ SAFETY 2017
2021/06/05 ,79,CEYLINCO GENERAL INSURANCE LIMITED,Less than 1 Year,BIKE,YAMAHA,R1,I GOT 3RD PARTY INSURANCE. NOT BAD,3,YAMAHA R1
2021/06/05 ,80,JANASHAKTHI INSURANCE PLC,Between 1 -5 Years,CAR,NISSAN,WINGROAD Y12 AD WAGON 2016,RECENTLY I HAVE A CLAIM EXPERIENCE FOR MY CAR INSURANCE WITH JANASHAKTHI INSURANCE. THERE WAS A CLAIM ISSUE WHEN I APPLIED IT. THEY GAVE LESS SETTLEMENT AMOUNT AND IT WAS A LATE APPROVAL. ,3,NISSAN WINGROAD Y12 AD WAGON 2016
2021/06/05 ,80,AIA INSURANCE LANKA LTD.,Less than 1 Year,CAR,NISSAN,WINGROAD Y12 AD WAGON 2017,CUSNIMER SERVICE IS POOR,2,NISSAN WINGROAD Y12 AD WAGON 2017
2021/06/05 ,81,SRI LANKA INSURANCE,Between 5 - 10 Years,CAR,HONDA,FIT ,"GREAT!. MY FRIEND IS WORKING IN SRI LANKA INSURANCE THAT'S THE REASON I HAVE GONE WITH SRI LANKA INSURANCE.
",5,HONDA FIT 
2021/06/05 ,81,SRI LANKA INSURANCE,Between 5 - 3 Years,BIKE,YAMAHA,FZS,"GREAT!. MY FRIEND IS WORKING IN SRI LANKA INSURANCE THAT'S THE REASON I HAVE GONE WITH SRI LANKA INSURANCE.
",5,YAMAHA FZS
2021/06/05 ,81,SRI LANKA INSURANCE,Les than 1 Year,BIKE,HERO ,PLEASURE,"GREAT!. MY FRIEND IS WORKING IN SRI LANKA INSURANCE THAT'S THE REASON I HAVE GONE WITH SRI LANKA INSURANCE.
",5,HERO  PLEASURE
2021/06/05 ,81,SRI LANKA INSURANCE,Greater than 10 Years,CAR,TOYOTA,AQUA,"GREAT!. MY FRIEND IS WORKING IN SRI LANKA INSURANCE THAT'S THE REASON I HAVE GONE WITH SRI LANKA INSURANCE.
",5,TOYOTA AQUA
2021/06/05 ,82,CEYLINCO GENERAL INSURANCE LIMITED,Between 1 -5 Years,JEEP/SUV,HONDA,VEZEL,"GOOD
 SATISFIED COVERAGE VALUE AS PER THE AGE OF THE CAR.",4,HONDA VEZEL
2021/06/05 ,82,CEYLINCO GENERAL INSURANCE LIMITED,Less than 1 Year,BIKE,HERE,HUNK,CUSHEMER SERVICE IS POOR. BUT BEST OFFER HAS. ,3,HERE HUNK
2021/06/05 ,83,CEYLINCO GENERAL INSURANCE LIMITED,Between 5 - 10 Years,VAN,NISSAN,CARAVAN 1995 , I HAVE NOT APPROACHED FOR ANY CLAIM TILL NOW. THE POLICY WOULD BE RENEWED BY THE AGENT ITSELF.,4,NISSAN CARAVAN 1995 
2021/06/05 ,84,SRI LANKA INSURANCE,More than 10 Years,LORRY,ISUZU,JUSTON FORWARD,GOOD CLAIM EXPERIENCE,5,ISUZU JUSTON FORWARD
2021/06/05 ,85,SRI LANKA INSURANCE,Less than 1 Year,BIKE,HONDA,HORNET,GOOD CLAIM EXPERIENCE,4,HONDA HORNET
2021/06/05 ,85,SRI LANKA INSURANCE,More than 10 Years,CAR,TOYOTA,COROLLA 110,I'M USING THE TOYOTA CAR AND THEY ARE GIVING A GOOD SERVICE SINCE THEY HAVE A TIE-UP. THE PRICE IS VERY LESS WHEN I COMPARED WITH OTHER COMPANIES.,5,TOYOTA COROLLA 110
2021/06/05 ,86,COOPERATIVE INSURANCE COMPANY LTD.,Between 1 -5 Years,VAN,SUZUKI,EVERY 2007,I HAVE A CLAIM EXPERIENCE WITH THEM AND IT WAS SATISFACTORY.,4,SUZUKI EVERY 2007
2021/06/05 ,86,COOPERATIVE INSURANCE COMPANY LTD.,More than 10 Years,CAR,TOYOTA,ALLION 260,"GOOD INSURANCE POLICY. MY CAR INSURANCE WAS TAKEN FROM COOPERATIVE INSURANCE. I HAVE PURCHASED A SECOND-HAND CAR, SO I HAVE BEEN RENEWING THE POLICY WITH THE SAME COMPANY THAT THE CAR HOLDER WAS HAVING AT EARLIER. I HAVE NOT APPLIED FOR ANY CLAIM TILL NOW.",4,TOYOTA ALLION 260
2021/06/05 ,86,COOPERATIVE INSURANCE COMPANY LTD.,Less than 1 Year,BIKE,YAMAHA,FZS,CUSYAMER SERVICE IS POOR,3,YAMAHA FZS
2021/06/05 ,86,COOPERATIVE INSURANCE COMPANY LTD.,Less than 1 Year,BIKE,HERO ,PLEASURE,CUSHEMER SERVICE IS POOR,3,HERO  PLEASURE
2021/06/05 ,87,CEYLINCO GENERAL INSURANCE LIMITED,Between 1 -5 Years,VAN,DAIHATSU, HIJET,EXCELLENT. I HAVE TAKEN INSURANCE FROM CEYLINCO. THE CUSTOMER SERVICE IS GOOD.,4,DAIHATSU  HIJET
2021/06/05 ,87,AIA INSURANCE LANKA LTD.,Less than 3 Years,VAN,DAIHATSU, HIJET,CUSDAMER SERVICE IS POOR,3,DAIHATSU  HIJET
2021/06/05 ,87,CEYLINCO GENERAL INSURANCE LIMITED,Less than 1 Year,VAN,DAIHATSU, HIJET,CUSDAMER SERVICE IS POOR,3,DAIHATSU  HIJET
2021/06/05 ,87,SRI LANKA INSURANCE,Between 5 - 10 Years,VAN,DAIHATSU, HIJET,GOOD,4,DAIHATSU  HIJET
2021/06/05 ,88,AMANA TAKAFUL PLC,Between 1 -5 Years,LORRY,ISUZU,ELF 250,"I HAVE GONE FOR CLAIMS AND IT WAS A REIMBURSEMENT. THEY HAVE NOT TIED UP WITH THE CASHLESS SHOWROOMS.
",2,ISUZU ELF 250
2021/06/05 ,89,SRI LANKA INSURANCE,Less than 1 Year,BIKE,BAJAJ,PLATINA 125,I AM HAPPY WITH THE BENEFITS. IT'S FIRST-PARTY INSURANCE.,4,BAJAJ PLATINA 125
2021/06/05 ,89,SRI LANKA INSURANCE,Between 1 -5 Years,LORRY,TATA,LPK 1615,I AM HAPPY WITH THE BENEFITS. IT'S FIRST-PARTY INSURANCE.,4,TATA LPK 1615
2021/06/05 ,90,HNB ASSURANCE PLC,Between 1 -5 Years,CAR,TOYOTA,CAMRY 1997,I FOUND THAT HNB IS GIVING ME COMPETITIVE RATES AND AT THE TIME OF TAKING IT IN AN URGENT IT WAS BEST.,4,TOYOTA CAMRY 1997
2021/06/05 ,90,AIA INSURANCE LANKA LTD.,Between 1 -3 Years,CAR,TOYOTA,CAMRY 1998,GOOD SERVICE,3,TOYOTA CAMRY 1998
2021/06/05 ,90,CEYLINCO GENERAL INSURANCE LIMITED,Less than 2 Years,CAR,TOYOTA,CAMRY 1999,CUSTOMER SERVICE IS POOR,3,TOYOTA CAMRY 1999
2021/06/05 ,90,ALLIANZ INSURANCE LANKA LTD.,Less than 1 Year,CAR,TOYOTA,CAMRY 2000,CUSTOMER SERVICE IS POOR,3,TOYOTA CAMRY 2000
2021/06/05 ,91,CEYLINCO GENERAL INSURANCE LIMITED,Between 1 -5 Years,JEEP/SUV,MAHINDRA, BOLERO 2016,IT'S BECAUSE OF THE BENEFITS I HAVE MOVED TO THIS COMPANY FROM SOME OTHERS. ,4,MAHINDRA  BOLERO 2016
2021/06/05 ,92,ALLIANZ INSURANCE LANKA LTD.,Less than 1 Year,MOTOR BIKE,HONDA,DIO 2010 MOTORBIKE,NO CLAIM EXPERIENCE.,3,HONDA DIO 2010 MOTORBIKE
2021/06/05 ,93,ALLIANZ INSURANCE LANKA LTD.,Between 1 -5 Years,MOTOR BIKE,BAJAJ,CT-100 2014 ,GOOD,3,BAJAJ CT-100 2014 
2021/06/05 ,94,ALLIANZ INSURANCE LANKA LTD.,Between 1 -5 Years,MOTOR BIKE,HONDA,AX-1CHASSIS 110 2008,"I HAVE SELECTED THIRD-PARTY INSURANCE FOR MY BIKE, THE PREMIUM IS REASONABLE WITH ALLIANZ INSURANCE.",4,HONDA AX-1CHASSIS 110 2008
2021/06/05 ,94,ALLIANZ INSURANCE LANKA LTD.,Less than 1 Year,MOTOR BIKE,HERO ,PLEASURE,"I HAVE SELECTED THIRD-PARTY INSURANCE FOR MY BIKE, THE PREMIUM IS REASONABLE WITH ALLIANZ INSURANCE.",4,HERO  PLEASURE
2021/06/05 ,95,AIA INSURANCE LANKA LTD.,Between 5 - 10 Years,,SUZUKI,WAGON R ,GOOD SERVICE,4,SUZUKI WAGON R 
2021/06/05 ,96,AMANA TAKAFUL PLC,Between 1 -5 Years,CAR,TOYOTA,COROLLA DX WAGON KE72,NOT RECOMMENDABLE,1,TOYOTA COROLLA DX WAGON KE72
2021/06/05 ,96,CEYLINCO GENERAL INSURANCE LIMITED,Between 1 -3 Years,CAR,TOYOTA,COROLLA DX WAGON KE72,REASONABLE PRICE FOR THEIR SERVICE,3,TOYOTA COROLLA DX WAGON KE72
2021/06/05 ,96,ALLIANZ INSURANCE LANKA LTD.,Less than 2 Years,CAR,TOYOTA,COROLLA DX WAGON KE72,CUSTOMER SERVICE IS POOR,2,TOYOTA COROLLA DX WAGON KE72
2021/06/05 ,96,JANASHAKTHI INSURANCE PLC,Less than 1 Year,CAR,TOYOTA,COROLLA DX WAGON KE72,CUSTOMER SERVICE IS POOR,2,TOYOTA COROLLA DX WAGON KE72
2021/06/05 ,97,FAIRFIRST INSURANCE LIMITED,Between 1 -5 Years,VAN,SUZUKI,EVERY 2015 ,LESS CUSTOMER CARING,2,SUZUKI EVERY 2015 
2021/06/05 ,97,AIA INSURANCE LANKA LTD.,Less than 3 Years,VAN,SUZUKI,EVERY 2016,CUSTOMER SERVICE IS POOR,3,SUZUKI EVERY 2016
2021/06/05 ,98,JANASHAKTHI INSURANCE PLC,Between 5 - 10 Years,VAN,TOYOTA,TOWNACE CR27 1993,"WHEN I PURCHASED THE POLICY, THEY HAVE ASSURED ME IT'S A CASHLESS POLICY BUT WHEN I HAVE CONTACTED THE GARAGE THEY DENIED IT AND THEIR EXECUTION IS NOT AT ALL HELPFUL.",2,TOYOTA TOWNACE CR27 1993
2021/06/05 ,99,CEYLINCO GENERAL INSURANCE LIMITED,Between 1 -5 Years,CAB,TOYOTA,HILUX LN107 1994,AS OF NOW GOOD,4,TOYOTA HILUX LN107 1994
2021/06/05 ,99,CEYLINCO GENERAL INSURANCE LIMITED,Less than 3 Years,BIKE,HONDA,CD125,AS OF NOW GOOD,4,HONDA CD125
2021/06/05 ,100,ALLIANZ INSURANCE LANKA LTD.,Between 5 - 10 Years,CAR,NISSAN,DOCTOR SUNNY FB13 1992,"TILL NOW, I HAVE NOT REQUIRED ANY SERVICES FOR A CLAIM WITH ALLIANZ. PERSONALLY.",3,NISSAN DOCTOR SUNNY FB13 1992
2021/06/05 ,101,ALLIANZ INSURANCE LANKA LTD.,Between 1 -5 Years,CAB,MITSUBISHI,CANTER 2000 CREW CAB ,"I DON'T HAVE ANY EXPERIENCE WITH THEM WHEN I WENT TO THE SHOWROOM, THE EXECUTIVE RECOMMENDED ME ALLIANZ. ",4,MITSUBISHI CANTER 2000 CREW CAB 
2021/06/05 ,101,ALLIANZ INSURANCE LANKA LTD.,Less than 3 Years,BIKE,YAMAHA,FZS,"I DON'T HAVE ANY EXPERIENCE WITH THEM WHEN I WENT TO THE SHOWROOM, THE EXECUTIVE RECOMMENDED ME ALLIANZ. ",4,YAMAHA FZS
2021/06/05 ,102,SRI LANKA INSURANCE,More than 10 Years,LORRY,NISSAN,ATLAS 1995,"THE PREMIUM IS MORE OR LESS WHEN I COMPARED IT WITH OTHERS. IT'S A COMPREHENSIVE PLAN AND AM SATISFIED WITH THE BENEFITS.
",4,NISSAN ATLAS 1995
2021/06/05 ,103,JANASHAKTHI INSURANCE PLC,Between 1 -5 Years,CAR,NISSAN,FB15 1999 ,CUSTOMER-FRIENDLY POLICY,4,NISSAN FB15 1999 
2021/06/05 ,103,JANASHAKTHI INSURANCE PLC,Between 1 -3 Years,VAN,TOYOTA,TOWNACE CR27 1995,CUSTOMER-FRIENDLY POLICY,4,TOYOTA TOWNACE CR27 1995
2021/06/05 ,103,JANASHAKTHI INSURANCE PLC,Less than 2 Years,BIKE,BAJAJ,PLATINA 125,CUSTOMER-FRIENDLY POLICY,4,BAJAJ PLATINA 125
2021/06/05 ,103,JANASHAKTHI INSURANCE PLC,Less than 1 Years,BIKE,HERO ,PLEASURE,CUSTOMER-FRIENDLY POLICY,4,HERO  PLEASURE
2021/06/05 ,104,ALLIANZ INSURANCE LANKA LTD.,Between 5 - 10 Years,CAR,TOYOTA,COROLLA AE110 G GRADE,"FOR ALLIANZ POLICY, I AM USING IT FOR MORE THAN 3 YEARS BUT I NO ISSUES I COME ACROSS. THEY ARE REMINDING ME WHEN THE POLICY GOING TO EXPIRE.",4,TOYOTA COROLLA AE110 G GRADE
2021/06/05 ,105,AIA INSURANCE LANKA LTD.,Between 1 -5 Years,CAR,MERCEDES-BENZ,W124 CLASS 200 ,"MY CAR INSURANCE WAS TAKEN AIA INSURANCE. I HAVE PURCHASED THE POLICY BECAUSE THE PREMIUM AMOUNT IS LESS AND THE COVERAGE IS HIGH. 
",4,MERCEDES-BENZ W124 CLASS 200 
2021/06/05 ,106,FAIRFIRST INSURANCE LIMITED,Less than 1 Year,CAB,MAHINDRA, SCORPIO 2009 ,UNACCEPTABLE WORST INSURANCE COMPANY. THEY GIVE THEIR 100% BEST TO REJECT YOUR INSURANCE CLAIM.,1,MAHINDRA  SCORPIO 2009 
2021/06/05 ,107,AMANA TAKAFUL PLC,Between 1 -5 Years,BUS,ASHOK-LEYLAND,VIKING 2004,WE NEED TO PAY POLICY TO JUST WASTE OUR MONEY AND GET OUR VEHICLE REPAIRED BY PAYING OUR MONEY.,1,ASHOK-LEYLAND VIKING 2004
2021/06/05 ,108,AMANA TAKAFUL PLC,Between 1 -5 Years,CAR,CHEVROLET ,CRUZE 2003 ,THERE CUSTOMER SERVICE AND GRIEVANCE CELL ARE WORST THAN ALL. THE CUSTOMER SERVICE NUMBER DOESN'T WORK AT ALL. IT'S THE WORST CHOICE TO TAKE A POLICY.,2,CHEVROLET  CRUZE 2003 
2021/06/05 ,108,CEYLINCO GENERAL INSURANCE LIMITED,Between 1 -3 Years,CAR,CHEVROLET ,CRUZE 2004,VERY BAD SERVICE,1,CHEVROLET  CRUZE 2004
2021/06/05 ,108,SRI LANKA INSURANCE,Less than 2 Years,CAR,CHEVROLET ,CRUZE 2005,CUSCHMER SERVICE IS POOR,2,CHEVROLET  CRUZE 2005
2021/06/05 ,108,JANASHAKTHI INSURANCE PLC,Less than 1  Year,CAR,CHEVROLET ,CRUZE 2006,CUSCHMER SERVICE IS POOR,2,CHEVROLET  CRUZE 2006
2021/06/05 ,109,SRI LANKA INSURANCE,Between 1 -5 Years,CAR,NISSAN,SYLPHY 2005,"WHEN I COMPARED IT TO OTHERS, THE PREMIUM IS MORE OR LESS. IT'S A COMPREHENSIVE PLAN, AND I'M HAPPY WITH THE ADVANTAGES.",4,NISSAN SYLPHY 2005
2021/06/05 ,110,SRI LANKA INSURANCE,More than 10 Years,CAB,TOYOTA,HILUX SSR X,"I'M DRIVING A TOYOTA, CAB AND BECAUSE WE HAVE A DEAL, THEY PROVIDE EXCELLENT SERVICE. WHEN COMPARED TO OTHER COMPANIES, THE PRICE IS SIGNIFICANTLY LOWER.",4,TOYOTA HILUX SSR X
2021/06/05 ,111,FAIRFIRST INSURANCE LIMITED,Less than 1 Year,CAR,TOYOTA,ETIOS,"I HAVE A TOYOTA ETIOS, CLAIMED THE INSURANCE AFTER AN ACCIDENT. TOOK THE CAR FROM THE SHOWROOM AFTER THE PAYMENT AND WAITING FOR THE CLAIM AMOUNT FOR MORE THAN 10 MONTHS.",2,TOYOTA ETIOS
2021/06/05 ,112,ORIENT INSURANCE,Between 1 -5 Years,CAR,MARUTI SUZUKI,ALTO 800,I TOOK THE CAR INSURANCE FROM ORIENT INSURANCE BECAUSE THE CAR-TAKEN SHOWROOM MEMBERS HAVE BEEN GIVEN THIS POLICY.,4,MARUTI SUZUKI ALTO 800
2021/06/05 ,113,CEYLINCO GENERAL INSURANCE LIMITED,Between 1 -5 Years,MOTOR BIKE,HONDA,CD 200,CEYLINCO INSURANCE GIVEN ME THIRD-PARTY INSURANCE AND FOR ONE TIME. IT'S GOOD BUT I DON'T HAVE CLAIM EXPERIENCE. I HAVE RECEIVED THE INSURANCE PAPER THROUGH THE POST. OVERALL GOOD.,4,HONDA CD 200
2021/06/05 ,113,CEYLINCO GENERAL INSURANCE LIMITED,Less than 1 Year,MOTOR BIKE,HERE,PLEASURE,CEYLINCO INSURANCE GIVEN ME THIRD-PARTY INSURANCE AND FOR ONE TIME. IT'S GOOD BUT I DON'T HAVE CLAIM EXPERIENCE. I HAVE RECEIVED THE INSURANCE PAPER THROUGH THE POST. OVERALL GOOD.,4,HERE PLEASURE
2021/06/05 ,114,CEYLINCO GENERAL INSURANCE LIMITED,Between 5 - 10 Years,VAN,TOYOTA,HIACE DOLPHIN LH113 ,MY CAR INSURANCE WAS TAKEN FROM SRI LANKA INSURANCE BECAUSE THE CAR DEALER HAS INFORMED ME ABOUT THIS POLICY. MY CLAIM EXPERIENCE IS GOOD AND THEY HAD PROCESSED THE CLAIM IN 24 HOURS.,4,TOYOTA HIACE DOLPHIN LH113 
2021/06/05 ,115,ALLIANZ INSURANCE LANKA LTD.,Between 1 -5 Years,CAR,NISSAN,VIOS ,"I HAVE A NISSAN CAR WHICH IS MORE THAN 8 YEARS, THEY ARE SENDING THE INSURANCE PAPER ON TIME. ITS A THIRD PARTY INSURANCE. THE CLAIM IS NOT APPLICABLE. ",3,NISSAN VIOS 
2021/06/05 ,116,JANASHAKTHI INSURANCE PLC,More than 10 Years,VAN,TOYOTA,TOWNACE CR27,"I AM HAVING INSURANCE FROM JANSHAKSHI. WHEN I MET THE ACCIDENT, I SENT A PHOTO TO THEM AND THE EXECUTIVE CAME TO THE PLACE AND THEY TOOK THE PHOTO AND THEY HAVE PROVIDED ME A SOLUTION.
",4,TOYOTA TOWNACE CR27
2021/06/05 ,117,HNB ASSURANCE PLC,Between 1 -5 Years,VAN,NISSAN,N16 2006 ,"CURRENTLY, I HAVE TAKEN POLICY FROM HNB. BREAK DOWN SERVICE, 24 HOURS SERVICE. THE CUSTOMER SERVICE IS GOOD IN TERMS OF REMINDER ALERTS.
",4,NISSAN N16 2006 
2021/06/05 ,117,HNB ASSURANCE PLC,Between 5 - 10 Years,CAR,TOYOTA,COROLLA 141,"CURRENTLY, I HAVE TAKEN POLICY FROM HNB. BREAK DOWN SERVICE, 24 HOURS SERVICE. THE CUSTOMER SERVICE IS GOOD IN TERMS OF REMINDER ALERTS.
",4,TOYOTA COROLLA 141
2021/06/05 ,117,HNB ASSURANCE PLC,Between 1 -3 Years,BIKE,BAJAJ,PLATINA 100,"CURRENTLY, I HAVE TAKEN POLICY FROM HNB. BREAK DOWN SERVICE, 24 HOURS SERVICE. THE CUSTOMER SERVICE IS GOOD IN TERMS OF REMINDER ALERTS.
",4,BAJAJ PLATINA 100
2021/06/05 ,117,HNB ASSURANCE PLC,Less than 2 Years,BIKE,HERO ,PLEASURE,"CURRENTLY, I HAVE TAKEN POLICY FROM HNB. BREAK DOWN SERVICE, 24 HOURS SERVICE. THE CUSTOMER SERVICE IS GOOD IN TERMS OF REMINDER ALERTS.
",4,HERO  PLEASURE
2021/06/05 ,117,HNB ASSURANCE PLC,Less than 1 Years,THREE WHEEL,BAJAJ,4 STROKE,"CURRENTLY, I HAVE TAKEN POLICY FROM HNB. BREAK DOWN SERVICE, 24 HOURS SERVICE. THE CUSTOMER SERVICE IS GOOD IN TERMS OF REMINDER ALERTS.
",4,BAJAJ 4 STROKE
2021/06/05 ,118,HNB ASSURANCE PLC,Between 1 -5 Years,CAR,HONDA,CITY,SERVICE IS GREAT,4,HONDA CITY
2021/06/05 ,119,SRI LANKA INSURANCE,Between 1 -5 Years,CAR,MARUTI SUZUKI,ZEN ,I HAVE CHOSEN SRI LANKA INSURANCE BECAUSE AM HOLDING A SALARY ACCOUNT AND THE SERVICES ARE GOOD. I GOT FIRST-PARTY INSURANCE. I AM HAVING MARUTI SUZUKI ZEN WHICH IS 8 YEARS OLD. ,4,MARUTI SUZUKI ZEN 
2021/06/05 ,120,AIA INSURANCE LANKA LTD.,Between 1 -5 Years,JEEP/SUV,MITSUBISHI,PAJERO INTERCOOLER 1994,MY CAR IS INSURED WITH AIA GENERAL BECAUSE IT IS SIMPLE TO RENEW AND THE PREMIUMS ARE REASONABLE.,4,MITSUBISHI PAJERO INTERCOOLER 1994
2021/06/05 ,120,AIA INSURANCE LANKA LTD.,Less than 1 Year,BIKE,BAJAJ,CT 100,MY BIKE IS INSURED WITH AIA GENERAL BECAUSE IT IS SIMPLE TO RENEW AND THE PREMIUMS ARE REASONABLE.,4,BAJAJ CT 100
2021/06/05 ,121,AMANA TAKAFUL PLC,Between 1 -5 Years,CAR,TOYOTA,COROLLA 121 2001,THE CUSTOMER SERVICE IS NOT SO GOOD AND WOULD SUGGEST THEM TO IMPROVE THE SERVICE. ,3,TOYOTA COROLLA 121 2001
2021/06/05 ,121,CEYLINCO GENERAL INSURANCE LIMITED,Less than 1 Year,CAR,TOYOTA,COROLLA 121 2002,CUSTOMER SERVICE IS POOR,2,TOYOTA COROLLA 121 2002
2021/06/05 ,122,ALLIANZ INSURANCE LANKA LTD.,Between 1 -5 Years,CAR,FORD ,LASER 1999,GOOD,4,FORD  LASER 1999
2021/06/05 ,123,ORIENTAL INSURANCE,More than 10 Years,CAR,MARUTI SUZUKI,ALTO 800,"I HAVE ALTO 800 CAR WHICH HAS THE POLICY OF ORIENTAL INSURANCE,  THE RENEWAL PROCESS IS VERY EASY. I USUALLY VISIT THE ORIENTAL BRANCH, I USED TO GET THE POLICY COPY. THEY DO HAVE ROADSIDE ASSISTANCE, 24 HOURS SERVICE, ETC.",4,MARUTI SUZUKI ALTO 800
2021/06/05 ,124,COOPERATIVE INSURANCE,Between 5 - 10 Years,VAN,TOYOTA,LH 182 5L 1999,COOPERATIVE INSURANCE IS WHERE I GOT MY INSURANCE. THEY HAVE PROVIDED THE POLICY BECAUSE THEY HAVE FINANCED MY VEHICLE. I RENEWED MY POLICY WITH THE SAME COMPANY A LONG TIME AGO.,4,TOYOTA LH 182 5L 1999
2021/06/05 ,124,COOPERATIVE INSURANCE,Between 1 - 3 Years,BIKE,HONDA,CB 125,COOPERATIVE INSURANCE IS WHERE I GOT MY INSURANCE. THEY HAVE PROVIDED THE POLICY BECAUSE THEY HAVE FINANCED MY VEHICLE. I RENEWED MY POLICY WITH THE SAME COMPANY A LONG TIME AGO.,4,HONDA CB 125
2021/06/05 ,124,COOPERATIVE INSURANCE,Between 1 - 3 Years,CAR,TOYOTA,PREMIO 2015,COOPERATIVE INSURANCE IS WHERE I GOT MY INSURANCE. THEY HAVE PROVIDED THE POLICY BECAUSE THEY HAVE FINANCED MY VEHICLE. I RENEWED MY POLICY WITH THE SAME COMPANY A LONG TIME AGO.,4,TOYOTA PREMIO 2015
2021/06/05 ,124,COOPERATIVE INSURANCE,Less than 2 Years,VAN,TOYOTA,LH 182 5L 2000,COOPERATIVE INSURANCE IS WHERE I GOT MY INSURANCE. THEY HAVE PROVIDED THE POLICY BECAUSE THEY HAVE FINANCED MY VEHICLE. I RENEWED MY POLICY WITH THE SAME COMPANY A LONG TIME AGO.,4,TOYOTA LH 182 5L 2000
2021/06/05 ,125,SRI LANKA INSURANCE,More than 10 Years,CAR,SUZUKI,SWIFT ," 2010, I HAVE SELECTED CAR INSURANCE WITH SRI LANKA AS THE INSURANCE, AND WHEN I FILED A CLAIM BECAUSE MY CAR'S FRONT BUMPER WAS DAMAGED, I CHOSE THE CASHLESS GARAGE OPTION, AND MY CAR WAS REPAIRED IN 2 TO 3 DAYS. IT WAS ALSO A GOOD INSURANCE COMPANY.",4,SUZUKI SWIFT 
2021/06/05 ,126,ALLIANZ INSURANCE LANKA LTD.,Between 1 -5 Years,CAR,HONDA,FIT SHUTTLE 2013,GOOD PROTECTION,3,HONDA FIT SHUTTLE 2013
2021/06/05 ,126,ALLIANZ INSURANCE LANKA LTD.,Between 1 -3 Years,BIKE,YAMAHA,R15,GOOD PROTECTION,3,YAMAHA R15
2021/06/05 ,126,ALLIANZ INSURANCE LANKA LTD.,Less than 3 Years,LORRY,TATA,LPK 2516,GOOD,3,TATA LPK 2516
2021/06/05 ,126,ALLIANZ INSURANCE LANKA LTD.,Less than 2 Years,BIKE,HERO ,PLEASURE,GOOD,3,HERO  PLEASURE
2021/06/05 ,127,HNB ASSURANCE PLC,Between 1 -5 Years,CAR,NISSAN,PULSAR,"CURRENTLY, I HAVE CAR INSURANCE WITH HNB ASSURANCE. THE RENEWAL PROCESS HAS HAPPENED EASILY THROUGH THE DEALER.",4,NISSAN PULSAR
2021/06/05 ,128,COOPERATIVE INSURANCE COMPANY LTD.,Between 5 - 10 Years,CAR,SUZUKI,ALTO JAPAN 2008 ,I HAVE NO CLAIM EXPERIENCE TILL NOW.,4,SUZUKI ALTO JAPAN 2008 
2021/06/05 ,128,COOPERATIVE INSURANCE COMPANY LTD.,Less than 3 Years,CAR,TOYOTA,AQUA,GOOD FOR CAR POLICY,4,TOYOTA AQUA
2021/06/05 ,129,ASSETLINE INSURANCE,Between 1 -5 Years,,BAJAJ,RE 4 STROKE,"I HAVE A THREE-WHEELER POLICY WITH ASSETLINE INSURANCE, THE PREMIUM IS BASED ON THE CLAIM, OR ELSE IT'S RELIABLE. THEY DO HAVE THIRD-PARTY INSURANCE, ROADSIDE ASSISTANCE, 24 HOURS, ",4,BAJAJ RE 4 STROKE
2021/06/05 ,130,JANASHAKTHI INSURANCE PLC,Between 5 - 10 Years,CAR,KIA ,SEPHIA 2002,I GOT THE CASHLESS CLAIM WHEN I MET WITH AN ACCIDENT BUT THEY COVERED 50%  ONLY REMAINING AMOUNT I PAID IT.,3,KIA  SEPHIA 2002
2021/06/05 ,131,ALLIANZ INSURANCE LANKA LTD.,Between 1 -5 Years,CAR,PERODUA ,VIVA ELITE 2011, THEY DO HAVE NO CLAIM BONUS FOR MY RENEWAL THE SERVICE IS PROMPT I ABLE TO REACH THEM AT ANY TIME.,2,PERODUA  VIVA ELITE 2011
2021/06/05 ,132,CEYLINCO GENERAL INSURANCE LIMITED,Between 1 -5 Years,CAR,HONDA,CLIVIC,MY CLAIM EXPERIENCE IS VERY FAST AND THERE IS NO STRUGGLE IN GETTING THE CLAIM.,4,HONDA CLIVIC
2021/06/05 ,132,CEYLINCO GENERAL INSURANCE LIMITED,Less than 2 Years,BIKE,HERO,PLEASURE,MY CLAIM EXPERIENCE IS VERY FAST AND THERE IS NO STRUGGLE IN GETTING THE CLAIM.,4,HERO PLEASURE
2021/06/05 ,132,CEYLINCO GENERAL INSURANCE LIMITED,Less than 3 Years,CAR,SUZUKI,ALTO 800,THE BEST POLICY FOR CAR,4,SUZUKI ALTO 800
2021/06/05 ,133,JANASHAKTHI INSURANCE PLC,Between 1 -5 Years,CAR,MARUTI SUZUKI,ALTO 800,THE PREMIUM COST IS AFFORDABLE AND ALSO THEY GAVE ME THE BEST-INSURED VALUE BASED ON MY ALTO 2016 MODEL CAR.,4,MARUTI SUZUKI ALTO 800
2021/06/05 ,134,ALLIANZ INSURANCE LANKA LTD.,Between 5 - 10 Years,CAR,TOYOTA,AE 100," THEY HAVE ROADSIDE ASSISTANCE, 24 HOURS SERVICE, BREAK DOWN SERVICE, THEY USED TO GIVE NO BONUS CLAIM UP TO 20% WHENEVER I GO FOR RENEWAL.",3,TOYOTA AE 100
2021/06/05 ,135,SRI LANKA INSURANCE,Between 1 -5 Years,LORRY,TATA,LPK 2516,GOOD CLAIM PROCESS,4,TATA LPK 2516
2021/06/05 ,135,SRI LANKA INSURANCE,Between 1 -5 Years,BIKE,HERO ,PLEASURE,GOOD CLAIM PROCESS,4,HERO  PLEASURE
2021/06/05 ,135,SRI LANKA INSURANCE,Between 1 -5 Years,BIKE,BAJAJ,PLATINA ,GOOD CLAIM PROCESS,4,BAJAJ PLATINA 
2021/06/05 ,135,SRI LANKA INSURANCE,Less than 1 Year,CAR,TOYOTA,VIOS 2003,GOOD. I AM SATISFIED WITH THE INSURANCE,4,TOYOTA VIOS 2003
2021/06/05 ,135,SRI LANKA INSURANCE,Less than 1 Year,CAR,SUZUKI,ALTO,GOOD. I AM SATISFIED WITH THE INSURANCE,4,SUZUKI ALTO
2021/06/05 ,136,CEYLINCO GENERAL INSURANCE LIMITED,Between 5 - 10 Years,VAN,ISUZU,FARGO, IT'S A COMPREHENSIVE PLAN WHICH HAS THE PERSONAL ACCIDENT COVER AS WELL,4,ISUZU FARGO
2021/06/05 ,137,JANASHAKTHI INSURANCE PLC,Between 1 -5 Years,CAR,HONDA,CITY,MY CAR IN TOTAL LOSS AND THEY HAVE REJECT MY CLAIM,1,HONDA CITY
2021/06/05 ,138,FAIRFIRST INSURANCE LIMITED,Between 5 - 10 Years,LORRY,NISSAN,ATLAS,NOT AT ALL SATISFACTORY,3,NISSAN ATLAS
2021/06/05 ,138,AIA INSURANCE LANKA LTD.,Less than 2 Years,LORRY,NISSAN,ATLAS,NOT AT ALL SATISFACTORY,3,NISSAN ATLAS
2021/06/05 ,138,CEYLINCO GENERAL INSURANCE LIMITED,Between 1 - 2 Years,LORRY,NISSAN,ATLAS,GOOD,3,NISSAN ATLAS
2021/06/05 ,138,CEYLINCO GENERAL INSURANCE LIMITED,Between 1 - 2 Years,LORRY,NISSAN,ATLAS,GOOD,3,NISSAN ATLAS
2021/06/05 ,138,CEYLINCO GENERAL INSURANCE LIMITED,Between 1 - 2 Years,LORRY,NISSAN,ATLAS,GOOD,3,NISSAN ATLAS
2021/06/05 ,139,HNB ASSURANCE PLC,Between 1 -5 Years,CAR,HONDA,ACCROAD,I HAD A VERY BAD EXPERIENCE WITH HNB SO AM NOT INTERESTED TO CONTINUE MY CAR POLICY WITH THEM.,2,HONDA ACCROAD
2021/06/05 ,139,FAIRFIRST INSURANCE LIMITED,Less than 2 Years,CAR,HONDA,ACCROAD,CUSHOMER SERVICE IS POOR,2,HONDA ACCROAD
2021/06/05 ,139,SRI LANKA INSURANCE,Less than 1 Year,CAR,HONDA,ACCROAD,BAD,1,HONDA ACCROAD
2021/06/05 ,139,ALLIANZ INSURANCE LANKA LTD.,Less than 1 Year,CAR,HONDA,ACCROAD,CUSHOMER SERVICE IS POOR,2,HONDA ACCROAD
2021/06/05 ,139,CEYLINCO GENERAL INSURANCE LIMITED,Less than 1 Year,CAR,HONDA,ACCROAD,GOOD,3,HONDA ACCROAD
2021/06/05 ,140,AMANA TAKAFUL PLC,Between 1 -5 Years,BUS,ASHOK-LEYLAND,VIKING 2012,"WHEN I BOUGHT MY CAR AND GOT THIS POLICY. WHEN I WENT WITH A CLAIM FOR A MINOR ACCIDENT, THEY HAVE BEEN SAYING ONLY THESE THINGS WILL BE COVERED AND SOME IS NOT INCLUDED.",2,ASHOK-LEYLAND VIKING 2012
2021/06/05 ,140,FAIRFIRST INSURANCE LIMITED,Between 1 - 3 Years,BUS,ASHOK-LEYLAND,VIKING 2012,GOOD,3,ASHOK-LEYLAND VIKING 2012
2021/06/05 ,140,CEYLINCO GENERAL INSURANCE LIMITED,Less than 2 Years,BUS,ASHOK-LEYLAND,VIKING 2012,CUSASMER SERVICE IS POOR,2,ASHOK-LEYLAND VIKING 2012
2021/06/05 ,141,HNB ASSURANCE PLC,Between 1 -5 Years,CAR,NISSAN,B 15,"I GOT THIS POLICY WHEN I BOUGHT MY CAR. WHEN I FILED A CLAIM FOR A MINOR ACCIDENT, THEY TOLD ME THAT ONLY THESE THINGS WOULD BE COVERED AND THAT OTHERS WOULD NOT.",3,NISSAN B 15
2021/06/05 ,142,SRI LANKA INSURANCE,Between 5 - 10 Years,JEEP/SUV,LAND-ROVER, DEFENDER 110 1994,EXTREMELY SATISFIED,5,LAND-ROVER  DEFENDER 110 1994
2021/06/05 ,142,SRI LANKA INSURANCE,Between 5 - 10 Years,CAR,TOYOTA,AQUA,EXTREMELY SATISFIED,5,TOYOTA AQUA
2021/06/05 ,142,SRI LANKA INSURANCE,Between 5 - 10 Years,BIKE,YAMAHA,FZS,EXTREMELY SATISFIED,5,YAMAHA FZS
2021/06/05 ,142,SRI LANKA INSURANCE,Between 1 - 3 Years,THREE WHEEL,BAJAJ,2 STROKE,EXTREMELY SATISFIED,5,BAJAJ 2 STROKE
2021/06/05 ,142,SRI LANKA INSURANCE,Between 1 - 3 Years,BIKE,HERO ,PLEASURE,EXTREMELY SATISFIED,5,HERO  PLEASURE
2021/06/05 ,143,SRI LANKA INSURANCE,More than 10 Years,CAR,TOYOTA,121 G LIMITED,"MY CAR IS COVERED BY SRI LANKA INSURANCE, WITH WHOM I AM VERY PLEASED. I'VE BEEN WITH THIS COMPANY FOR TEN YEARS, AND ALL OF MY VEHICLES ARE COVERED BY THEM.",5,TOYOTA 121 G LIMITED
2021/06/05 ,143,SRI LANKA INSURANCE,More than 10 Years,CAR,TOYOTA,141 G LIMITED,GOOD,4,TOYOTA 141 G LIMITED
2021/06/05 ,143,SRI LANKA INSURANCE,Less than 3 Years,CAR,SUZUKI,ALTO,GOOD,4,SUZUKI ALTO
2021/06/05 ,144,CEYLINCO GENERAL INSURANCE LIMITED,Between 1 -5 Years,CAR,TOYOTA, AXIO 2014,PREMIUM IS AFFORDABLE. THE CLAIM PROCESS WAS DONE PROPERLY AND THE SERVICES ARE GREAT.,4,TOYOTA  AXIO 2014
2021/06/05 ,144,CEYLINCO GENERAL INSURANCE LIMITED,Between 1 -5 Years,BIKE,YAMAHA,R1 1000CC,PREMIUM IS AFFORDABLE. THE CLAIM PROCESS WAS DONE PROPERLY AND THE SERVICES ARE GREAT.,4,YAMAHA R1 1000CC
2021/06/05 ,144,CEYLINCO GENERAL INSURANCE LIMITED,Between 1 -5 Years,BIKE,HONDA,HORNET,PREMIUM IS AFFORDABLE. THE CLAIM PROCESS WAS DONE PROPERLY AND THE SERVICES ARE GREAT.,4,HONDA HORNET
2021/06/05 ,144,CEYLINCO GENERAL INSURANCE LIMITED,Less than 3 Years,BIKE,HERO ,PLEASURE,PREMIUM IS AFFORDABLE. THE CLAIM PROCESS WAS DONE PROPERLY AND THE SERVICES ARE GREAT.,4,HERO  PLEASURE
2021/06/05 ,144,CEYLINCO GENERAL INSURANCE LIMITED,Less than 3 Years,VAN,MITSUBISHI,L300,PREMIUM IS AFFORDABLE. THE CLAIM PROCESS WAS DONE PROPERLY AND THE SERVICES ARE GREAT.,4,MITSUBISHI L300
2021/06/05 ,145,HNB ASSURANCE PLC,Between 1 -5 Years,CAR,TOYOTA,PREMIO G SUPERIOR 2011 ,TILL NOW I DIDN'T CLAIMED ANYTHING AND I HAVE NO IDEA ABOUT THE COVERAGE VALUE. THEY ARE GIVING GOOD CUSTOMER SUPPORT AND WISH TO CONTINUE THE SAME.,5,TOYOTA PREMIO G SUPERIOR 2011 
2021/06/05 ,146,ALLIANZ INSURANCE LANKA LTD.,Between 1 -5 Years,MOTOR BIKE,HONDA,CBR 250," I AM NOT FACING ANY PROBLEMS AND THEY HAVE TAKEN THIRD-PARTY INSURANCE. 
",4,HONDA CBR 250
2021/06/05 ,146,ALLIANZ INSURANCE LANKA LTD.,Between 1 -5 Years,MOTOR BIKE,YAMAHA,R1," I AM NOT FACING ANY PROBLEMS AND THEY HAVE TAKEN THIRD-PARTY INSURANCE. 
",4,YAMAHA R1
2021/06/05 ,146,ALLIANZ INSURANCE LANKA LTD.,Less than 3 Years,MOTOR BIKE,BAJAJ,PULSAR 200CC," I AM NOT FACING ANY PROBLEMS AND THEY HAVE TAKEN THIRD-PARTY INSURANCE. 
",4,BAJAJ PULSAR 200CC
2021/06/05 ,147,AMANA TAKAFUL PLC,Between 1 -5 Years,CAR,TATA,INDICA,HOPING THE PREMIUM IS AFFORDABLE AND THE BENEFITS ARE GOOD.,4,TATA INDICA
2021/06/05 ,147,AMANA TAKAFUL PLC,Between 1 - 2 Years,BIKE,HERO ,PLEASURE,HOPING THE PREMIUM IS AFFORDABLE AND THE BENEFITS ARE GOOD.,4,HERO  PLEASURE
2021/06/05 ,147,AMANA TAKAFUL PLC,Between 1 - 2 Years,BIKE,BAJAJ,CT 100,HOPING THE PREMIUM IS AFFORDABLE AND THE BENEFITS ARE GOOD.,4,BAJAJ CT 100
2021/06/05 ,148,CEYLINCO GENERAL INSURANCE LIMITED,Between 1 -5 Years,VAN,MITSUBISHI,L300,"THE PREMIUM IS LOW THAN OTHER INSURANCE COMPANIES. AND ITS FIRST-PARTY INSURANCE WITH FULL COVERAGE. 
",4,MITSUBISHI L300
2021/06/05 ,149,FAIRFIRST INSURANCE LIMITED,Between 1 -5 Years,CAR,TOYOTA,PRIUS 2012 ,THEY ARE DOING GOOD SERVICE AND EVEN DONE A CLAIM. I GOT 80% ON THE REIMBURSEMENT.,4,TOYOTA PRIUS 2012 
2021/06/05 ,150,ALLIANZ INSURANCE LANKA LTD.,Between 1 -5 Years,CAR,SUZUKI,ESTILO ZEN 2012,I DID MY CAR INSURANCE WITH ALLIANZ BECAUSE THEY HAVE APPROACHED ME AND QUOTED THE INSURANCE PRICE. ,4,SUZUKI ESTILO ZEN 2012
2021/06/05 ,151,JANASHAKTHI INSURANCE PLC,Between 1 -5 Years,VAN,TOYOTA,KDH 200,THEY WERE VERY TRANSPARENT ON THINGS. THE SERVICES ARE VERY QUICK AND PROMPT.,4,TOYOTA KDH 200
2021/06/05 ,151,JANASHAKTHI INSURANCE PLC,Between 1 -5 Years,CAR,TOYOTA,AQUA,THEY WERE VERY TRANSPARENT ON THINGS. THE SERVICES ARE VERY QUICK AND PROMPT.,4,TOYOTA AQUA
2021/06/05 ,151,JANASHAKTHI INSURANCE PLC,Between 1 -5 Years,CAR,SUZUKI,SWIFT 2008,THEY WERE VERY TRANSPARENT ON THINGS. THE SERVICES ARE VERY QUICK AND PROMPT.,4,SUZUKI SWIFT 2008
2021/06/05 ,152,ALLIANZ INSURANCE LANKA LTD.,Less than 1 Year,CAR,MARUTI SUZUKI,ALTO 800, THE POLICY COVERAGE IS ONE YEAR. I TOOK IT FIRST-PARTY INSURANCE FOR MARUTI ALTO CAR.,4,MARUTI SUZUKI ALTO 800
2021/06/05 ,153,CEYLINCO GENERAL INSURANCE LIMITED,Less than 1 Year,CAR,NISSAN,PULSAR,IT WORKS AS FIRST PARTY INSURANCE FOR THE FIRST YEAR AND THE REMAINING YEARS AS THIRD PARTY INSURANCE. THE INSURANCE PAPER WAS SENT THROUGH THE POSTAL.,4,NISSAN PULSAR
2021/06/05 ,154,SRI LANKA INSURANCE,Between 1 -5 Years,VAN,SUZUKI,EVERY 2014 ,MY CAR IS INSURED WITH SRI LANKA INSURANCE BECAUSE ITS PREMIUM IS GOOD WHEN COMPARED TO THE PRIVATE INSURER. I HAVE TAKEN FIRST-PARTY INSURANCE. ,4,SUZUKI EVERY 2014 
2021/06/05 ,155,ORIENT INSURANCE ,Between 1 -5 Years,CAR,TOYOTA,VITZ KSP90 2005 ,"MY CAR INSURANCE POLICY WAS TAKEN FROM ORIENTAL BECAUSE THIS POLICY WAS SUGGESTED BY MY AGENT. THIS IS A FIRST PARTY COVER POLICY. SINCE MY CAR IS NEW, FOR THE FIRST YEAR, THEY ARE GIVING A ZERO DEPRECIATION.",3,TOYOTA VITZ KSP90 2005 
2021/06/05 ,156,HNB ASSURANCE PLC,Between 1 -5 Years,VAN,NISSAN,CARAVAN,"FROM HNB ASSURANCE COMPANY HENCE FOR 4 YEARS, I HAVE BEEN RENEWING THE POLICY. I HAD A CLAIM EXPERIENCE AND IT IS EXCELLENT. ",4,NISSAN CARAVAN
2021/06/05 ,157,SRI LANKA INSURANCE,Between 5 - 10 Years,VAN,TOYOTA,HIACE SHELL 1986,THEY HAVE PROCESSED THE CLAIM AS SOON AS POSSIBLE AND IT WAS A CASHLESS CLAIM FACILITY THAT COVERS 80%.,4,TOYOTA HIACE SHELL 1986
2021/06/05 ,158,ALLIANZ INSURANCE LANKA LTD.,Between 1 -5 Years,MOTOR BIKE,BAJAJ,CT 100, I TOOK THIRD-PARTY INSURANCE BUT THERE IS NO EXPERIENCE.,3,BAJAJ CT 100
2021/06/05 ,158,AIA INSURANCE LANKA LTD.,Less than 2 Years,MOTOR BIKE,HERO ,PLEASURE, I TOOK THIRD-PARTY INSURANCE BUT THERE IS NO EXPERIENCE.,3,HERO  PLEASURE
2021/06/05 ,159,FAIRFIRST INSURANCE LIMITED,Between 5 - 10 Years,VAN,NISSAN,VANETTE 1993 ,I BELIEVE THEY ARE PROVIDING NO CLAIM BONUS WHENEVER I GO FOR THE RENEWAL I COULD SEE THERE. BUT I DON'T FIND ANY DIFFERENCE IN THE PREMIUM. I AM EXPECTING SOME MORE LOW PREMIUMS.,3,NISSAN VANETTE 1993 
2021/06/05 ,159,CEYLINCO GENERAL INSURANCE LIMITED,Between 1 - 3 Years,VAN,NISSAN,VANETTE 1994,GOOD,3,NISSAN VANETTE 1994
2021/06/05 ,159,HNB ASSURANCE PLC,Less than 2 Years,VAN,NISSAN,VANETTE 1995,GOOD,4,NISSAN VANETTE 1995
2021/06/05 ,159,HNB ASSURANCE PLC,Less than 2 Years,VAN,NISSAN,VANETTE 1996,GOOD,4,NISSAN VANETTE 1996
2021/06/05 ,160,ALLIANZ INSURANCE LANKA LTD.,Less than 1 Year,CAR,HYUNDAI, I10,"THERE IS NO CLAIM EXPERIENCE SO FAR FOR MY CAR INSURANCE. I HAVE HYUNDAI I 10 CARD THEY DO PROVIDE ROADSIDE ASSISTANCE, 24 HOURS SERVICE, AND NO CLAIM BENEFITS.",4,HYUNDAI  I10
2021/06/05 ,161,HNB ASSURANCE PLC,Between 1 -5 Years,LORRY,NISSAN,ATLAS 2013,MY AGENT SUGGESTED HNB ASSURANCE FOR MY CAR INSURANCE BECAUSE OF THE BENEFITS AND LESSER PREMIUM. ,4,NISSAN ATLAS 2013
2021/06/05 ,162,CEYLINCO GENERAL INSURANCE LIMITED,Between 1 -5 Years,CAR,PEUGEOT, 406 GLX 2001 ,"I FACED A CLAIM WITH MY CAR POLICY, WHEN I MET WITH AN ACCIDENT THE FRONT BUMPER GOT DAMAGED AT THE TIME I GOT THE CASHLESS GRANGES I LEFT THE CAR IN AN AUTHORIZED SHOWROOM.",4,PEUGEOT  406 GLX 2001 
2021/06/05 ,163,COOPERATIVE INSURANCE COMPANY LTD.,Between 1 -5 Years,CAR,NISSAN,FB14 1997 ,"I FACED A MINOR ACCIDENT THE BACKSIDE OF THE VEHICLE GOT DAMAGED,  I GOT THE CASH FEWER GARAGES WITHIN THREE DAYS THEY SORT OUT THE ISSUE AS WELL.",4,NISSAN FB14 1997 
2021/06/05 ,164,SRI LANKA INSURANCE,More than 10 Years,CAR,TOYOTA,COROLLA 121,I HAVE CHOSEN SRI LANKA INSURANCE FOR MY CAR. IT'S A 10-YEAR-OLD CAR AND THE COVERAGE VALUE IS LESS.,4,TOYOTA COROLLA 121
2021/06/05 ,165,ALLIANZ INSURANCE LANKA LTD.,Less than 1 Year,MOTOR BIKE,BAJAJ,PULSAR 125,NOT RECOMMENDABLE,2,BAJAJ PULSAR 125
2021/06/05 ,165,CEYLINCO GENERAL INSURANCE LIMITED,Less than 1 Year,MOTOR BIKE,BAJAJ,PULSAR 126,CUSBAMER SERVICE IS POOR,2,BAJAJ PULSAR 126
2021/06/05 ,165,SRI LANKA INSURANCE,Less than 1 Year,MOTOR BIKE,BAJAJ,PULSAR 127,CUSBAMER SERVICE IS POOR,2,BAJAJ PULSAR 127
2021/06/05 ,165,AIA INSURANCE LANKA LTD.,Between 1 -3 Years,MOTOR BIKE,BAJAJ,PULSAR 128,EXTREMELY BAD,1,BAJAJ PULSAR 128
2021/06/05 ,165,AIA INSURANCE LANKA LTD.,Between 1 -3 Years,MOTOR BIKE,BAJAJ,PLATINA 125 CC,GOOD SERVICE,3,BAJAJ PLATINA 125 CC
2021/06/05 ,166,AIA INSURANCE LANKA LTD.,Less than 1 Year,CAR,NISSAN,NAVARA,TAKEN MY INSURANCE POLICY FROM AIA. I HAVE BOUGHT THE POLICY ONLINE. IT TOOK MORE THAN 20 DAYS TO RECEIVED THE DOCUMENTS.,4,NISSAN NAVARA
2021/06/05 ,167,AMANA TAKAFUL PLC,Between 1 -5 Years,BUS,TATA,TATA 1613,THERE WAS AN ISSUE WITH ENTERING THE CAR INSURANCE BUT NOW EVERYTHING IS FINE. I HAVE CONTACTED CUSTOMER CARE AND THE SERVICE IS VERY BAD.,3,TATA TATA 1613
2021/06/05 ,168,CEYLINCO GENERAL INSURANCE LIMITED,Between 5 - 10 Years,LORRY,TOYOTA,DYNA 1999,"BEFORE TWO YEARS MY CAR MET WITH AN ACCIDENT RIGHT SIDE OF THE MIRROR GOT FULLY DAMAGE, AT THE TIME I GOT THE CASHLESS GARAGES THEY GOT TIED UP LOTS OF SERVICE CENTERS. ",3,TOYOTA DYNA 1999
2021/06/05 ,169,AIA INSURANCE LANKA LTD.,Between 1 -5 Years,CAR,HONDA,GRACE ,GOOD,4,HONDA GRACE 
2021/06/05 ,170,HNB ASSURANCE PLC,More than 10 Years,CAR,TOYOTA,COROLLA 121,I HAVE CHOSEN MY INSURANCE THROUGH HNB ASSURANCE AND THE FIRST INSURANCE WAS THROUGH DEALER AND THEY HAVE SUGGESTED HNB ASSURANCE HENCE I'M CONTINUING WITH THEM.,4,TOYOTA COROLLA 121
2021/06/05 ,171,JANASHAKTHI INSURANCE PLC,Less than 1 Year,VAN,MAZDA,BONGO,I HAVE GONE FOR CLAIMS AND IT WAS REIMBURSEMENT. THEY HAVE NOT TIED UP WITH THE CASHLESS SHOWROOMS. I AM HAPPY WITH THE BENEFITS.,4,MAZDA BONGO
2021/06/05 ,171,JANASHAKTHI INSURANCE PLC,Less than 1 Year,CAR,TOYOTA,AQUA,"THEY HAVE GIVEN ME GOOD COVERAGE AND I HAVE NOT APPLIED FOR ANY CLAIM SO FAR.
",4,TOYOTA AQUA
2021/06/05 ,171,JANASHAKTHI INSURANCE PLC,Less than 1 Year,BIKE,YAMAHA,FZS,GOOD,4,YAMAHA FZS
2021/06/05 ,172,SRI LANKA INSURANCE,Between 5 - 10 Years,LORRY,MITSUBISHI,CANTER DUMP TRUCK, I DON'T HAVE ANY EXPERIENCE WITH THEM ,4,MITSUBISHI CANTER DUMP TRUCK
2021/06/05 ,172,SRI LANKA INSURANCE,Less than 2 Years,BIKE,BAJAJ,DISCOVERY 125CC,QUICK CLAIM PROCESSING,4,BAJAJ DISCOVERY 125CC
2021/06/05 ,173,CEYLINCO GENERAL INSURANCE LIMITED,More than 10 Years,LORRY,ISUZU,ELF 250, I HAVE DONE A CLAIM 4 TIMES AND THE CLAIM EXPERIENCE IS GOOD BECAUSE PROVIDING THE CLAIM IS FAST.,4,ISUZU ELF 250
2021/06/05 ,174,SRI LANKA INSURANCE,Between 1 -5 Years,CAR,TOYOTA,PREMIO G SUPERIOR," I'M SATISFIED WITH THE COVERAGE AND THE PREMIUM AMOUNT IS A BIT MORE. THEY DO HAVE A NO CLAIM BONUS, ROADSIDE ASSISTANCE, CASHLESS GARAGE FACILITY.",4,TOYOTA PREMIO G SUPERIOR
2021/06/05 ,175,AIA INSURANCE LANKA LTD.,Between 1 -5 Years,CAR,BMW,520I,THE RENEWAL PROCESS IS VERY EASY I HAVEN'T FACED ANY ISSUES. THEY ARE SENDING THE REGULAR UPDATES ANYWAY MY SPOUSE IS TAKING CARE OF MY POLICY.,4,BMW 520I
2021/06/05 ,176,SRI LANKA INSURANCE,Between 1 -5 Years,LORRY,MITSUBISHI,CANTER DUMP TRUCK," THEY GIVE 24 HOURS OF SERVICE, ROADSIDE ASSISTANCE, CASHLESS GARAGES.",4,MITSUBISHI CANTER DUMP TRUCK
2021/06/05 ,177,COOPERATIVE INSURANCE COMPANY LTD.,Between 1 -5 Years,CAR,AUDI,A1,I HAVE INSURANCE WITH ALLIANZ AND MY WIFE IS WORKING AS AN AGENT. THE PREMIUM IS AFFORDABLE AND THE CLAIM PROCESS IS EASY. ,4,AUDI A1
2021/06/05 ,178,SRI LANKA INSURANCE,More than 10 Years,CAR,TOYOTA,CAMRY 2006,THEY ARE PROVIDING A FASTER RESPONSE THAN ANY OTHER INSURANCE PROVIDER. I HAVE BEEN WITH SRI LANKA INSURANCE FOR THE PAST 12 YEARS.,5,TOYOTA CAMRY 2006
2021/06/05 ,179,HNB ASSURANCE PLC,Between 1 -5 Years,CAR,TOYOTA, AQUA G GRADE 2012,I BOUGHT HNB ASSURANCE AND THE INSURANCE IS EASY IN THE CUSTOMER POCKET ITSELF AND CUSTOMER FRIENDLY.,4,TOYOTA  AQUA G GRADE 2012
2021/06/05 ,180,ORIENT INSURANCE,Between 1 -5 Years,CAR,MARUTI SUZUKI,ALTO 800,"I HAVE INSURANCE WITH ORIENT WHICH WAS OFFERED BY THE DEALER, I THINK THE BENEFITS ARE BETTER. I HAVE NOT CONTACTED CUSTOMER SERVICE. ",4,MARUTI SUZUKI ALTO 800
2021/06/05 ,181,AIA INSURANCE LANKA LTD.,Between 1 -5 Years,,SUZUKI,SWIFT,THEY HAVE PROVIDED ME INSURANCE PAPER ON TIME. ONCE I HAD A CLAIM AND IT WAS A GOOD EXPERIENCE.,4,SUZUKI SWIFT
2021/06/05 ,182,ORIENT INSURANCE,More than 10 Years,CAR,SUZUKI,ALTO JAPAN,"MY CAR POLICY BELONGS TO ORIENT INSURANCE, MY FRIEND IS WORKING THERE. ONCE I CLAIMED IT WENT WELL, THERE WAS A SMALL ACCIDENT, HENCE THE CAR FRONT BUMPER AND SIDE GLASS GOT BROKEN. FIRST I PAID THE MONEY AND I GOT A REIMBURSEMENT OF 80% FROM THE INSURANCE COMPANY.",4,SUZUKI ALTO JAPAN
2021/06/05 ,183,SRI LANKA INSURANCE,Between 1 -5 Years,CAR,TOYOTA,VITZ KSP90,"AROUND 2 YEARS BACK, I BOUGHT CAR INSURANCE FROM SRI LANKA INSURANCE PEOPLE HAVE RECOMMENDED THIS POLICY AND THEIR SERVICE HAS BEEN BETTER.",4,TOYOTA VITZ KSP90
2021/06/05 ,184,SRI LANKA INSURANCE,More than 10 Years,CAB,MITSUBISHI,L200,I BOUGHT CAR INSURANCE FROM SRI LANKA INSURANCE ABOUT 10 YEARS AGO BECAUSE THEY RECOMMENDED IT AND THEIR SERVICE WAS BETTER.,4,MITSUBISHI L200
2021/06/05 ,185,ALLIANZ INSURANCE LANKA LTD.,Between 1 -5 Years,CAR,SUZUKI,WAGON R FZ 2014,I HAVE CAR INSURANCE WITH ALLIANZ AND GOT IT THROUGH A KNOWN PERSON FROM THIS COMPANY. IT'S BEEN 2 TO 3 YEARS AND THERE WAS NO CLAIM EXPERIENCE. ,3,SUZUKI WAGON R FZ 2014
2021/06/05 ,186,JANASHAKTHI INSURANCE PLC,Between 1 -5 Years,CAB,TATA,XENON,THE CUSTOMER RESPONSE IS VERY GOOD.,4,TATA XENON
2021/06/05 ,187,JANASHAKTHI INSURANCE PLC,Between 5 - 10 Years,CAR,TOYOTA,IST 2002,I GOT ONE CLAIM AND IT WAS GOOD.,4,TOYOTA IST 2002
2021/06/05 ,188,RIENT INSURANCE,Between 1 -5 Years,,MARUTI SUZUKI,ALTO 800,"I HAVE ORIENT INSURANCE CAR INSURANCE, WHICH WAS PROVIDED BY THE DEALER WHEN I BOUGHT THE CAR.",4,MARUTI SUZUKI ALTO 800
2021/06/05 ,189,SRI LANKA INSURANCE,Between 1 -5 Years,JEEP/SUV,MITSUBISHI,MONTERO 2015, I HAVE NOT APPROACHED THEM FOR ANY CLAIM.,3,MITSUBISHI MONTERO 2015
2021/06/05 ,190,JANASHAKTHI INSURANCE PLC,Between 1 -5 Years,CAR,TOYOTA,ALLION 240 2003,"I PURCHASED A COMPREHENSIVE PLAN FOR MY CAR, AND THEY OFFER 24-HOUR SERVICE FOR ANY CLAIMS.",4,TOYOTA ALLION 240 2003
2021/06/05 ,191,HNB ASSURANCE PLC,Between 1 -5 Years,CAR,NISSAN,LEAF X GRADE,"I MADE A CLAIM. ON A HIGHWAY, I SPED UP THE CAR. I FINALLY RECEIVED REIMBURSEMENT WHEN THE CAR'S FRONT PART WAS DAMAGED. THEY DO NOT PROVIDE ROADSIDE ASSISTANCE OR SERVICE 24 HOURS A DAY.",4,NISSAN LEAF X GRADE
2021/06/05 ,192,SRI LANKA INSURANCE,Between 1 -5 Years,CAR,TOYOTA,CE110 1999,TILL NOW I HAVE NOT FACED ANY ISSUE WITH MY CAR INSURANCE.  ONE TIME I MADE A CLAIM AND MY EXPERIENCE WAS GOOD. AND THEY PROCESSED ON TIME.,4,TOYOTA CE110 1999
2021/06/05 ,193,ALLIANZ INSURANCE LANKA LTD.,Between 1 -5 Years,MOTOR BIKE,BAJAJ,PULSAR 150,"WHEN I GO FOR THE CLAIM, THEY WILL SEND THE BIKE TO THE GARAGES AND THEY WILL COME AND VERIFY AND PROCESSED THE CLAIM IN 3 HOURS.",4,BAJAJ PULSAR 150
2021/06/05 ,194,ORIENT INSURANCE,Less than 1 Year,THREE WHEEL,BAJAJ,RE 4 STROKE,I HAD A CLAIM EXPERIENCE WITH ORIENT INSURANCE WHERE THE CLAIM SETTLEMENT WAS DELAYED FOR MORE DAYS ALSO I AM NOT SATISFIED WITH THE CLAIM,4,BAJAJ RE 4 STROKE
2021/06/05 ,195,COOPERATIVE INSURANCE COMPANY LTD.,Between 1 -5 Years,LORRY,NISSAN,ATLAS,THE CUSTOMER SUPPORT IS NOT GOOD AND NOT SUPPORTED,3,NISSAN ATLAS
2021/06/05 ,196,ALLIANZ INSURANCE LANKA LTD.,Between 1 -5 Years,,BAJAJ,2 STROKE,I GOT THE CAR INSURANCE THROUGH DEALER WITH ALLIANZ. THE CLAIM PROCESS WAS GOOD AND THEY DO SETTLEMENTS DIRECTLY WITH THE DEALER. ,4,BAJAJ 2 STROKE
2021/06/05 ,197,SRI LANKA INSURANCE,Between 1 -5 Years,JEEP/SUV,HONDA,VEZEL,"LAST YEAR I MET WITH AN ACCIDENT, THEY HAVE DONE IT VERY WELL. MY CAR FRONT BUMPER AND RADIATOR WERE DAMAGED, I GOT THE CASHLESS GARAGES THE JUST TAKEN ONE WEEK OF TIME TO REFLECT THE ISSUE",5,HONDA VEZEL
2021/06/05 ,198,COOPERATIVE INSURANCE COMPANY LTD.,Between 1 -5 Years,CAB,NISSAN,NAVARA,IT WAS A FIRST PARTY INSURANCE AND HAD NISSAN. I WAS ASSOCIATED WITH THIS INSURER FOR ONLY 3 TO 4 MONTHS.,3,NISSAN NAVARA
2021/06/05 ,199,JANASHAKTHI INSURANCE PLC,Less than 1 Year,,YAMAHA,R1,I DO NOT HAVE ANY CLAIM EXPERIENCE SO FAR FROM THE PURCHASING DATE.,4,YAMAHA R1
2021/06/05 ,200,SRI LANKA INSURANCE,Between 5 - 10 Years,CAR,TOYOTA,COROLLA 121,TAKEN MY CAR INSURANCE FROM SRI LANKA INSURANCE. MY DEALER HAS GIVEN THE POLICY TO THEM AND I'M CONTINUING WITH THE SAME COMPANY.,4,TOYOTA COROLLA 121
2021/06/05 ,201,HNB ASSURANCE PLC,Between 1 -5 Years,LORRY,TATA,LPK 1615,NOT ANY PARTICULAR REASON FOR CHOOSING THE COMPANY. I HAVE A CLAIM EXPERIENCE.,4,TATA LPK 1615
2021/06/05 ,202,HNB ASSURANCE PLC,Between 1 -5 Years,CAR,MITSUBISHI,LANCER CK2,I HAD A CLAIM EXPERIENCE WITH THE CAR INSURANCE POLICY HOLDING WITH THE HNB ASSURANCE WHERE THE CLAIM I GOT WAS 80%.,4,MITSUBISHI LANCER CK2
2021/06/05 ,203,SRI LANKA INSURANCE,More than 10 Years,CAR,TOYOTA,COROLLA 110,I HAD A CLAIM EXPERIENCE WITH THE CAR INSURANCE POLICY HOLDING WITH THE SRI LANKA INSURANCE WHERE THE CLAIM I GOT WAS 80%.,5,TOYOTA COROLLA 110
2021/06/05 ,204,SRI LANKA INSURANCE,More than 10 Years,CAR,TOYOTA,COROLLA 121, THEY ARE GIVING GOOD CUSTOMER SUPPORT AND WISH TO CONTINUE THE SAME.,5,TOYOTA COROLLA 121
2021/06/05 ,204,SRI LANKA INSURANCE,Between 5 - 10 Years,CAR,TOYOTA,AQUA 2014, THEY ARE GIVING GOOD CUSTOMER SUPPORT AND WISH TO CONTINUE THE SAME.,5,TOYOTA AQUA 2014
2021/06/05 ,204,SRI LANKA INSURANCE,Between 3 - 5 Years,BIKE,HERO,PLEASURE, THEY ARE GIVING GOOD CUSTOMER SUPPORT AND WISH TO CONTINUE THE SAME.,5,HERO PLEASURE
2021/06/05 ,204,SRI LANKA INSURANCE,Less than 1 Year,BIKE,YAMAHA,FZS, THEY ARE GIVING GOOD CUSTOMER SUPPORT AND WISH TO CONTINUE THE SAME.,5,YAMAHA FZS
2021/06/05 ,205,SRI LANKA INSURANCE,Between 5 - 10 Years,CAR,TOYOTA,PREMIO,CURRENTLY IM SATISFIED WITH THE SERVICE,5,TOYOTA PREMIO
2021/06/05 ,206,SRI LANKA INSURANCE,Between 5 - 10 Years,CAR,TOYOTA,ALLION,PROVIDE GOOD SERVICE FOR THE CUSTOMER,5,TOYOTA ALLION
2021/06/05 ,206,SRI LANKA INSURANCE,Less than 3 Years,BIKE,YAMAHA,R1,PROVIDE GOOD SERVICE FOR THE CUSTOMER,5,YAMAHA R1
2021/06/05 ,207,SRI LANKA INSURANCE,More than 10 Years,CAR,TOYOTA,COROLLA AE 100,RELIABLE AND VERY ACCURATE INSURANCE ,5,TOYOTA COROLLA AE 100
2021/06/05 ,208,SRI LANKA INSURANCE,Between 5 - 10 Years,CAR,AUDI,PREMIO,"STILL I DIDN'T USED, I THINK IT'S GOOD SO, I GIVE 5 STARS",5,AUDI PREMIO
2021/06/05 ,209,SRI LANKA INSURANCE,More than 10 Years,CAR,TOYOTA,COROLLA 121,ITÂ€™S A GOOD INSURANCE WHICH I RECOMMEND ,5,TOYOTA COROLLA 121
2021/06/05 ,210,SRI LANKA INSURANCE,Between 5 - 10 Years,CAR,TOYOTA,ALLION,GOOD SERVICE,5,TOYOTA ALLION
2021/06/05 ,211,SRI LANKA INSURANCE,More than 10 Years,CAR,TOYOTA,COROLLA 110,CLAIMS CAN BE GET IMMEDIATELY WITHOUT WASTED OUR TIME.,5,TOYOTA COROLLA 110
2021/06/05 ,212,SRI LANKA INSURANCE,More than 10 Years,CAR,TOYOTA,COROLLA AE 100,REALLY HAPPY ABOUT THEIR SERVICE,5,TOYOTA COROLLA AE 100
2021/06/05 ,213,SRI LANKA INSURANCE,More than 10 Years,CAR,TOYOTA,COROLLA 110,I'M QUITE PLEASED WITH THEIR SERVICE.,5,TOYOTA COROLLA 110
2021/06/05 ,214,CEYLINCO GENERAL INSURANCE LIMITED,Between 5 - 10 Years,CAR,NISSAN,COROLLA 121,ALWAYS HELPFUL AND ALWAYS AVAILABLE,5,NISSAN COROLLA 121
2021/06/05 ,215,SRI LANKA INSURANCE,More than 10 Years,CAR,NISSAN,SUNNY B15,QUICK RESPONSES TO THE CONCERNS,5,NISSAN SUNNY B15
2021/06/05 ,216,SRI LANKA INSURANCE,Between 5 - 10 Years,CAR,NISSAN,SUNNY FB 15,AGENTS ARE VERY HELPFUL ,5,NISSAN SUNNY FB 15
2021/06/05 ,217,SRI LANKA INSURANCE,Between 5 - 10 Years,CAR,NISSAN,SUNNY B15,QUICK RESPONSES ,5,NISSAN SUNNY B15
2021/06/05 ,218,CEYLINCO GENERAL INSURANCE LIMITED,Between 5 - 10 Years,CAR,TOYOTA,COROLLA 110,GOOD ..GIVING COMPETITIVE RATES,4,TOYOTA COROLLA 110
2021/06/05 ,218,CEYLINCO GENERAL INSURANCE LIMITED,Between 5 - 10 Years,BIKE,HERO,PLEASURE,GOOD ..GIVING COMPETITIVE RATES,4,HERO PLEASURE
2021/06/05 ,218,CEYLINCO GENERAL INSURANCE LIMITED,Less than 2 Years,BIKE,YAMAHA,R1,GOOD ..GIVING COMPETITIVE RATES,4,YAMAHA R1
2021/06/05 ,218,CEYLINCO GENERAL INSURANCE LIMITED,Less than 2 Years,THREE WHEEL,BAJAJ,2 STROKE,GOOD ..GIVING COMPETITIVE RATES,4,BAJAJ 2 STROKE
2021/06/05 ,219,SRI LANKA INSURANCE,More than 10 Years,CAR,TOYOTA,COROLLA 121,GOOD..CUSTOMER SERVICE IS GOOD AND COMPETITIVE RATES,5,TOYOTA COROLLA 121
2021/06/05 ,220,CEYLINCO GENERAL INSURANCE LIMITED,More than 10 Years,CAR,NISSAN,SUNNY FB 15,GOOD CLAIM EXPERIENCE .HIGHLY RECOMMENDED ,4,NISSAN SUNNY FB 15
2021/06/05 ,221,CEYLINCO GENERAL INSURANCE LIMITED,Between 5 - 10 Years,CAR,NISSAN,SUNNY B15,EXCELLENT. I HAVE TAKEN INSURANCE FROM CEYLINCO. THE CUSTOMER SERVICE IS GOOD.,4,NISSAN SUNNY B15
2021/06/05 ,222,CEYLINCO GENERAL INSURANCE LIMITED,Between 5 - 10 Years,CAR,NISSAN,SUNNY FB 15,GOOD POLICY .I USED TO RENEW FORM THEIR BRANCH OFFICE .CUSTOMER FRIENDLY SERVICE.,5,NISSAN SUNNY FB 15
2021/06/05 ,223,SRI LANKA INSURANCE,Between 5 - 10 Years,CAR,TOYOTA,COROLLA 121,EXCELLENT. I HAVE TAKEN INSURANCE FROM CEYLINCO. THE CUSTOMER SERVICE IS GOOD.,5,TOYOTA COROLLA 121
2021/06/05 ,224,CEYLINCO GENERAL INSURANCE LIMITED,More than 10 Years,CAR,NISSAN,SUNNY B15,GOOD POLICY THEIR CLAIM RATIO IS VERY GOOD.,4,NISSAN SUNNY B15
2021/06/05 ,225,CEYLINCO GENERAL INSURANCE LIMITED,More than 10 Years,CAR,TOYOTA,COROLLA 110,GOOD SERVICE .IM GETTING NO CLAIM BONUS.,5,TOYOTA COROLLA 110
2021/06/05 ,226,SRI LANKA INSURANCE,Between 5 - 10 Years,CAR,NISSAN,SUNNY FB 15,MY CLAIM EXPERIENCE HAVE BEEN POSITIVE . FRIENDLY CUSTOMER SERVICE ,4,NISSAN SUNNY FB 15
2021/06/05 ,227,SRI LANKA INSURANCE,More than 10 Years,CAR,TOYOTA,COROLLA 121,THEY ARE PROVIDING A GOOD CLAIM BONUS AND CUSTOMER SERVICE IS GOOD,4,TOYOTA COROLLA 121
2021/06/05 ,228,CEYLINCO GENERAL INSURANCE LIMITED,Between 5 - 10 Years,CAR,NISSAN,SUNNY FB 15,GOOD SERVICE.,5,NISSAN SUNNY FB 15
2021/06/05 ,229,CEYLINCO GENERAL INSURANCE LIMITED,More than 10 Years,CAR,TOYOTA,COROLLA 121,SECURE AND FAST CLAIM.,5,TOYOTA COROLLA 121
2021/06/05 ,230,SRI LANKA INSURANCE,Between 5 - 10 Years,CAR,TOYOTA,COROLLA 110,MY CLAIM EXPERIENCE IS VERY FAST AND THERE IS NO STRUGGLE IN GETTING THE CLAIM.,4,TOYOTA COROLLA 110
2021/06/05 ,231,CEYLINCO GENERAL INSURANCE LIMITED,Between 5 - 10 Years,CAR,NISSAN,SUNNY B15,GOOD SERVICE.,4,NISSAN SUNNY B15
2021/06/05 ,232,SRI LANKA INSURANCE,Between 5 - 10 Years,CAR,NISSAN,SUNNY B15,THE PRICE IS VERY LESS WHEN I COMPARED WITH OTHER COMPANIES.,5,NISSAN SUNNY B15
2021/06/05 ,233,CEYLINCO GENERAL INSURANCE LIMITED,Between 5 - 10 Years,CAR,NISSAN,SUNNY FB 15,THE PRICE IS VERY LESS WHEN I COMPARED WITH OTHER COMPANIES.,5,NISSAN SUNNY FB 15
2021/06/05 ,234,CEYLINCO GENERAL INSURANCE LIMITED,More than 10 Years,CAR,TOYOTA,COROLLA 110,SECURE AND FAST CLAIM.,5,TOYOTA COROLLA 110
2021/06/05 ,235,CEYLINCO GENERAL INSURANCE LIMITED,More than 10 Years,CAR,NISSAN,SUNNY FB 15,GOOD SERVICE.,5,NISSAN SUNNY FB 15
2021/06/05 ,236,SRI LANKA INSURANCE,Between 5 - 10 Years,CAR,NISSAN,SUNNY B15,GOOD POLICY THEIR CLAIM RATIO IS VERY GOOD.,5,NISSAN SUNNY B15
2021/06/05 ,237,CEYLINCO GENERAL INSURANCE LIMITED,Between 5 - 10 Years,CAR,NISSAN,SUNNY B15,GOOD POLICY. I USED TO RENEW THE POLICY IN THEIR BRANCH OFFICE AND THE RESPONSE WAS GOOD. ,4,NISSAN SUNNY B15
2021/06/05 ,238,SRI LANKA INSURANCE,Between 5 - 10 Years,CAR,TOYOTA,COROLLA 121,GOOD POLICY THEIR CLAIM RATIO IS VERY GOOD.,5,TOYOTA COROLLA 121
2021/06/05 ,239,CEYLINCO GENERAL INSURANCE LIMITED,Between 5 - 10 Years,CAR,TOYOTA,COROLLA 121,GOOD POLICY. I USED TO RENEW THE POLICY IN THEIR BRANCH OFFICE AND THE RESPONSE WAS GOOD. ,5,TOYOTA COROLLA 121
2021/06/05 ,240,CEYLINCO GENERAL INSURANCE LIMITED,Between 5 - 10 Years,CAR,TOYOTA,COROLLA 110,GOOD POLICY .I USED TO RENEW FORM THEIR BRANCH OFFICE .CUSTOMER FRIENDLY SERVICE.,4,TOYOTA COROLLA 110
2021/06/05 ,241,SRI LANKA INSURANCE,More than 10 Years,CAR,NISSAN,SUNNY FB 15,I USED TO RENEW THE POLICY IN THEIR BRANCH OFFICE AND THE RESPONSE WAS GOOD. ,5,NISSAN SUNNY FB 15
2021/06/05 ,242,CEYLINCO GENERAL INSURANCE LIMITED,More than 10 Years,CAR,TOYOTA,COROLLA 121,GOOD POLICY .I USED TO RENEW FORM THEIR BRANCH OFFICE .CUSTOMER FRIENDLY SERVICE.,5,TOYOTA COROLLA 121
2021/06/05 ,243,SRI LANKA INSURANCE,Between 5 - 10 Years,CAR,NISSAN,SUNNY B15,GOOD POLICY. THEIR CLAIM RATIO IS REALLY GOOD.,5,NISSAN SUNNY B15
2021/06/05 ,244,SRI LANKA INSURANCE,More than 10 Years,CAR,NISSAN,SUNNY B15,EXCELLENT. I HAVE TAKEN INSURANCE FROM CEYLINCO. THE CUSTOMER SERVICE IS GOOD.,5,NISSAN SUNNY B15
2021/06/05 ,245,CEYLINCO GENERAL INSURANCE LIMITED,Between 5 - 10 Years,CAR,TOYOTA,COROLLA 110,"MY CLAIM EXPERIENCE IS GOOD.
THIS IS A GOOD POLICY. I USED TO RENEW MY POLICY AT THEIR BRANCH OFFICE AND HAD A GOOD EXPERIENCE.",5,TOYOTA COROLLA 110
2021/06/05 ,246,SRI LANKA INSURANCE,Between 5 - 10 Years,CAR,TOYOTA,COROLLA 121,"MY CLAIM EXPERIENCE IS GOOD.
THIS IS A GOOD POLICY. I USED TO RENEW MY POLICY AT THEIR BRANCH OFFICE AND HAD A GOOD EXPERIENCE.",4,TOYOTA COROLLA 121
2021/06/05 ,247,CEYLINCO GENERAL INSURANCE LIMITED,Between 5 - 10 Years,CAR,NISSAN,SUNNY B15,SECURE AND FAST CLAIM.,5,NISSAN SUNNY B15
2021/06/05 ,248,SRI LANKA INSURANCE,More than 10 Years,CAR,TOYOTA,COROLLA 121, I DO NOT HAVE ANY CLAIM EXPERIENCE TILL NOW.,5,TOYOTA COROLLA 121
2021/06/05 ,249,CEYLINCO GENERAL INSURANCE LIMITED,More than 10 Years,CAR,TOYOTA,COROLLA 110,"MY CLAIM EXPERIENCE IS GOOD.
THIS IS A GOOD POLICY. I USED TO RENEW MY POLICY AT THEIR BRANCH OFFICE AND HAD A GOOD EXPERIENCE.",4,TOYOTA COROLLA 110
2021/06/05 ,250,SRI LANKA INSURANCE,Between 5 - 10 Years,CAR,NISSAN,SUNNY FB 15,SECURE AND FAST CLAIM.,4,NISSAN SUNNY FB 15
2021/06/05 ,251,SRI LANKA INSURANCE,Between 5 - 10 Years,CAR,NISSAN,SUNNY B15,MY CLAIM EXPERIENCE HAS BEEN POSITIVE.GOOD SERVICE ,4,NISSAN SUNNY B15
2021/06/05 ,252,SRI LANKA INSURANCE,Between 5 - 10 Years,CAR,TOYOTA,COROLLA 121,EXCELLENT CUSTOMER SERVICE. THIS POLICY WAS PROVIDED TO ME BY A COLLEAGUE WHO WORKS WITH US. I'LL GET A NO-CLAIM BONUS AS WELL AS ROADSIDE ASSISTANCE.,5,TOYOTA COROLLA 121
2021/06/05 ,253,CEYLINCO GENERAL INSURANCE LIMITED,Between 5 - 10 Years,CAR,NISSAN,SUNNY B15,EXCELLENT CUSTOMER SERVICE. THIS POLICY WAS PROVIDED TO ME BY A COLLEAGUE WHO WORKS WITH US. I'LL GET A NO-CLAIM BONUS AS WELL AS ROADSIDE ASSISTANCE.,5,NISSAN SUNNY B15
2021/06/05 ,254,SRI LANKA INSURANCE,More than 10 Years,CAR,TOYOTA,COROLLA 110, MY CLAIM EXPERIENCE IS REALLY GOOD BECAUSE THEY HAVE DONE A CASHLESS CLAIM UP TO 90%. ,4,TOYOTA COROLLA 110
2021/06/05 ,255,CEYLINCO GENERAL INSURANCE LIMITED,Between 5 - 10 Years,CAR,NISSAN,SUNNY B15, I DO NOT HAVE ANY CLAIM EXPERIENCE TILL NOW. ,5,NISSAN SUNNY B15
2021/06/05 ,256,SRI LANKA INSURANCE,Between 5 - 10 Years,CAR,TOYOTA,COROLLA 110,I HAVE DONE THE CLAIM TWICE SO FAR. MY CLAIM EXPERIENCE IS REALLY GOOD BECAUSE THEY HAVE DONE A CASHLESS CLAIM UP TO 90%. ,4,TOYOTA COROLLA 110
2021/06/05 ,257,FAIRFIRST INSURANCE LIMITED,Between 5 - 10 Years,CAR,NISSAN,SUNNY B15,GOOD POLICY,5,NISSAN SUNNY B15
2021/06/05 ,258,SRI LANKA INSURANCE,More than 10 Years,CAR,TOYOTA,COROLLA 121,MY CLAIM EXPERIENCE IS REALLY GOOD BECAUSE THEY HAVE DONE A CASHLESS CLAIM UP TO 90%. ,5,TOYOTA COROLLA 121
2021/06/05 ,259,AIA INSURANCE LANKA LTD.,Between 5 - 10 Years,CAR,NISSAN,SUNNY B15,I HAVE DONE THE CLAIM TWICE SO FAR. MY CLAIM EXPERIENCE IS REALLY GOOD BECAUSE THEY HAVE DONE A CASHLESS CLAIM UP TO 90%. ,4,NISSAN SUNNY B15
2021/06/05 ,260,SRI LANKA INSURANCE,Between 5 - 10 Years,CAR,NISSAN,SUNNY B15,"GOOD INSURANCE
PREMIUM IS LESS WHEN I COMPARED TO ANOTHER INSURANCE PROVIDER.",5,NISSAN SUNNY B15
2021/06/05 ,261,CEYLINCO GENERAL INSURANCE LIMITED,Between 5 - 10 Years,CAR,TOYOTA,COROLLA 110,"GOOD INSURANCE
PREMIUM IS LESS WHEN I COMPARED TO ANOTHER INSURANCE PROVIDER.",5,TOYOTA COROLLA 110
2021/06/05 ,262,CEYLINCO GENERAL INSURANCE LIMITED,Between 5 - 10 Years,CAR,NISSAN,SUNNY B15,"I HAVE NOT APPROACHED THEM FOR ANY KIND OF CLAIM. 
ONE OF THE BEST POLICY",5,NISSAN SUNNY B15
2021/06/05 ,263,SRI LANKA INSURANCE,Between 5 - 10 Years,CAR,TOYOTA,COROLLA 110, I DO NOT HAVE ANY CLAIM EXPERIENCE TILL NOW.,5,TOYOTA COROLLA 110
2021/06/05 ,264,CEYLINCO GENERAL INSURANCE LIMITED,Between 5 - 10 Years,CAR,NISSAN,SUNNY FB 15,"I HAVE NOT APPROACHED THEM FOR ANY KIND OF CLAIM. 
ONE OF THE BEST POLICY",4,NISSAN SUNNY FB 15
2021/06/05 ,265,SRI LANKA INSURANCE,Between 5 - 10 Years,CAR,NISSAN,SUNNY B15, I DO NOT HAVE ANY CLAIM EXPERIENCE TILL NOW.,5,NISSAN SUNNY B15
2021/06/05 ,266,CEYLINCO GENERAL INSURANCE LIMITED,More than 10 Years,CAR,TOYOTA,COROLLA 110,"
TO APPLY THE CLAIM IS VERY EASY IN A SINGLE CALL. THEY HAVE PROVIDED ME 100% CLAIM.",5,TOYOTA COROLLA 110
2021/06/05 ,267,CEYLINCO GENERAL INSURANCE LIMITED,More than 10 Years,CAR,NISSAN,SUNNY FB 15,"
TO APPLY THE CLAIM IS VERY EASY IN A SINGLE CALL. ",4,NISSAN SUNNY FB 15
2021/06/05 ,268,SRI LANKA INSURANCE,Between 5 - 10 Years,CAR,TOYOTA,COROLLA 110,GOOD,5,TOYOTA COROLLA 110
2021/06/05 ,269,CEYLINCO GENERAL INSURANCE LIMITED,Between 5 - 10 Years,CAR,NISSAN,SUNNY B15,GOOD POLICY. THEIR CLAIM RATIO IS REALLY GOOD,5,NISSAN SUNNY B15
2021/06/05 ,270,SRI LANKA INSURANCE,Between 5 - 10 Years,CAR,TOYOTA,COROLLA 110, I DO NOT HAVE ANY CLAIM EXPERIENCE TILL NOW.,5,TOYOTA COROLLA 110
2021/06/05 ,271,CEYLINCO GENERAL INSURANCE LIMITED,Between 5 - 10 Years,CAR,TOYOTA,COROLLA 121,GOOD POLICY. THEIR CLAIM RATIO IS REALLY GOOD,5,TOYOTA COROLLA 121
2021/06/05 ,272,FAIRFIRST INSURANCE LIMITED,Between 5 - 10 Years,CAR,TOYOTA,COROLLA 121,EXCELLENT POLICY,5,TOYOTA COROLLA 121
2021/06/05 ,273,SRI LANKA INSURANCE,Between 5 - 10 Years,CAR,NISSAN,SUNNY B15,EXCELLENT POLICY,5,NISSAN SUNNY B15
2021/06/05 ,274,AIA INSURANCE LANKA LTD.,Between 5 - 10 Years,CAR,NISSAN,SUNNY B15, I DO NOT HAVE ANY CLAIM EXPERIENCE TILL NOW.,4,NISSAN SUNNY B15
2021/06/05 ,275,SRI LANKA INSURANCE,Between 5 - 10 Years,CAR,TOYOTA,COROLLA 121,EXCELLENT POLICY,4,TOYOTA COROLLA 121
2021/06/05 ,276,CEYLINCO GENERAL INSURANCE LIMITED,Between 5 - 10 Years,CAR,TOYOTA,COROLLA 121,EXCELLENT POLICY,5,TOYOTA COROLLA 121
2021/06/05 ,277,SRI LANKA INSURANCE,More than 10 Years,CAR,NISSAN,SUNNY B15,GOOD SERVICE,5,NISSAN SUNNY B15
2021/06/05 ,278,SRI LANKA INSURANCE,Between 5 - 10 Years,CAR,TOYOTA,COROLLA 121,GOOD ,4,TOYOTA COROLLA 121
2021/06/05 ,279,SRI LANKA INSURANCE,Between 5 - 10 Years,CAR,TOYOTA,COROLLA 110,GOOD SERVICE,5,TOYOTA COROLLA 110
2021/06/05 ,280,SRI LANKA INSURANCE,Between 5 - 10 Years,CAR,NISSAN,SUNNY FB 15, I DO NOT HAVE ANY CLAIM EXPERIENCE TILL NOW.,5,NISSAN SUNNY FB 15
2021/06/05 ,281,SRI LANKA INSURANCE,Between 5 - 10 Years,CAR,TOYOTA,COROLLA AE 100,EXCELLENT CUSTOMER SERVICE.,5,TOYOTA COROLLA AE 100
2021/06/05 ,282,SRI LANKA INSURANCE,Between 5 - 10 Years,CAR,TOYOTA,COROLLA 110,GOOD,4,TOYOTA COROLLA 110
2021/06/05 ,283,SRI LANKA INSURANCE,Between 5 - 10 Years,CAR,NISSAN,SUNNY B15,EXCELLENT CUSTOMER SERVICE.,5,NISSAN SUNNY B15
2021/06/05 ,284,SRI LANKA INSURANCE,Between 5 - 10 Years,CAR,TOYOTA,COROLLA 121,FAST CLAMING PROCESS,5,TOYOTA COROLLA 121
2021/06/05 ,285,SRI LANKA INSURANCE,Between 5 - 10 Years,CAR,NISSAN,SUNNY FB 15,"GOOD INSURANCE
PREMIUM IS LESS WHEN I COMPARED TO ANOTHER INSURANCE PROVIDER.",5,NISSAN SUNNY FB 15
2021/06/05 ,286,CEYLINCO GENERAL INSURANCE LIMITED,Between 5 - 10 Years,CAR,NISSAN,SUNNY B15,GOOD INSURANCE. PREMIUM IS LESS WHEN I COMPARED TO ANOTHER INSURANCE PROVIDER.,5,NISSAN SUNNY B15
2021/06/05 ,287,SRI LANKA INSURANCE,Between 5 - 10 Years,CAR,TOYOTA,COROLLA 110,GOOD INSURANCE. PREMIUM IS LESS WHEN I COMPARED TO ANOTHER INSURANCE PROVIDER.,5,TOYOTA COROLLA 110
2021/06/05 ,288,SRI LANKA INSURANCE,More than 10 Years,CAR,NISSAN,SUNNY B15, I DO NOT HAVE ANY CLAIM EXPERIENCE TILL NOW.,5,NISSAN SUNNY B15
2021/06/05 ,289,SRI LANKA INSURANCE,More than 10 Years,CAR,TOYOTA,COROLLA 110,GOOD INSURANCE. PREMIUM IS LESS WHEN I COMPARED TO ANOTHER INSURANCE PROVIDER.,5,TOYOTA COROLLA 110
2021/06/05 ,290,FAIRFIRST INSURANCE LIMITED,Between 5 - 10 Years,CAR,NISSAN,SUNNY B15,GOOD POLICY . I HAVE NO CLAIM EXPERIENCE TILL NOW.,5,NISSAN SUNNY B15
2021/06/05 ,290,FAIRFIRST INSURANCE LIMITED,Between 5 - 10 Years,CAR,TOYOTA,COROLLA 110,I HAVE NO CLAIM EXPERIENCE TILL NOW.,4,TOYOTA COROLLA 110
2021/06/05 ,290,FAIRFIRST INSURANCE LIMITED,Between 5 - 10 Years,BIKE,BAJAJ,PLATINA 125,GOOD POLICY. I HAVE NO CLAIM EXPERIENCE TILL NOW.,5,BAJAJ PLATINA 125
2021/06/05 ,293,SRI LANKA INSURANCE,Between 1 -5 Years,BIKE,YAMAHA,FZS,TO APPLY THE CLAIM IS VERY EASY IN A SINGLE CALL. SECURE AND FAST CLAIM,5,YAMAHA FZS
2021/06/05 ,293,SRI LANKA INSURANCE,Between 3 - 10 Years,CAR,TOYOTA,AQUA 2015,TO APPLY THE CLAIM IS VERY EASY IN A SINGLE CALL. SECURE AND FAST CLAIM,5,TOYOTA AQUA 2015
2021/06/05 ,293,SRI LANKA INSURANCE,Between 3 - 10 Years,BIKE,HERO,PLEASURE,TO APPLY THE CLAIM IS VERY EASY IN A SINGLE CALL. SECURE AND FAST CLAIM,5,HERO PLEASURE
2021/06/05 ,293,SRI LANKA INSURANCE,Less than 2 Years,BIKE,BAJAJ,PULSAR 150,TO APPLY THE CLAIM IS VERY EASY IN A SINGLE CALL. SECURE AND FAST CLAIM,4,BAJAJ PULSAR 150
2021/06/05 ,294,CEYLINCO GENERAL INSURANCE LIMITED,Between 5 - 10 Years,CAR,TOYOTA,COROLLA 110, SECURE AND FAST CLAIM. GOOD CUSTOMER SERVICE,5,TOYOTA COROLLA 110
2021/06/05 ,294,CEYLINCO GENERAL INSURANCE LIMITED,Between 3 - 10 Years,CAR,NISSAN,SUNNY B15, SECURE AND FAST CLAIM. GOOD CUSTOMER SERVICE,5,NISSAN SUNNY B15
2021/06/05 ,294,CEYLINCO GENERAL INSURANCE LIMITED,Between 2 - 10 Years,THREE WHEEL,BAJAJ,4 STROKE, SECURE AND FAST CLAIM. GOOD CUSTOMER SERVICE,5,BAJAJ 4 STROKE
2021/06/05 ,295,FAIRFIRST INSURANCE LIMITED,Less than 2 Years,BIKE,YAMAHA,FZS, I DO NOT HAVE ANY CLAIM EXPERIENCE TILL NOW.,3,YAMAHA FZS
2021/06/05 ,295,FAIRFIRST INSURANCE LIMITED,Less than 2 Years,CAR,TOYOTA,121G, I DO NOT HAVE ANY CLAIM EXPERIENCE TILL NOW.,3,TOYOTA 121G
